﻿<?xml version="1.0" encoding="utf-8"?>
<Audit>
<ControlID>47052</ControlID>
<OrderType>New</OrderType>
<ConcurrentId />
<ServiceType>Physical Audit</ServiceType>
<CarrierName>Associated Industries Insurance Company, Inc.</CarrierName>
<CarrierNumber>5</CarrierNumber>
<InsuredName>Nexus Test_GL no sublines_Payroll</InsuredName>
<InsuredName2 />
<InsuredAddress1>2021 E Gladstone Street</InsuredAddress1>
<InsuredAddress2>Unit B</InsuredAddress2>
<InsuredCity>Glendora</InsuredCity>
<InsuredState>CA</InsuredState>
<InsuredZipCode>91740</InsuredZipCode>
<InsuredPhone>9095920922</InsuredPhone>
<InsuredFax />
<InsuredCell />
<InsuredPhoneOther />
<InsuredEmail />
<InsuredWebsite />
<InsuredContact>Teresa Hawkins</InsuredContact>
<EntityType>Organization Including a Corporation</EntityType>
<SIC />
<AuditType>Annual</AuditType>
<DueDate>10/27/2019  </DueDate>
<Rush>False</Rush>
<BranchCode />
<Extra />
<LORName>Nexus Test_GL no sublines_Payroll</LORName>
<LORAddress1>2021 E Gladstone Street</LORAddress1>
<LORAddress2>Unit B</LORAddress2>
<LORCity>Glendora</LORCity>
<LORState>CA</LORState>
<LORZipCode>91740</LORZipCode>
<LORPhone>9095920922</LORPhone>
<LORFax />
<LORCell />
<LORPhoneOther />
<LOREmail />
<LORContact>Teresa Hawkins</LORContact>
<AgentName>AmWINS Group, Inc.</AgentName>
<AgentAddress1>601 S. Figueroa Street, Suite 4350</AgentAddress1>
<AgentAddress2 />
<AgentCity>Los Angeles</AgentCity>
<AgentState>CA</AgentState>
<AgentZipCode>90017</AgentZipCode>
<AgentCode>30488</AgentCode>
<AgentEmail />
<AgentContact />
<AgentPhone>1111111111</AgentPhone>
<AgentFax>1111111111</AgentFax>
<AgentCell />
<AgentPhoneOther />
<StateCode />
<DistrictCode>AmTrust E &amp; S Insura</DistrictCode>
<PolicyNumber>8888888</PolicyNumber>
<PolicyType>GL - Payroll</PolicyType>
<EstimatedPremium>13725.0000</EstimatedPremium>
<PolicyStartDate>08/28/2018  </PolicyStartDate>
<PolicyEndDate>08/28/2019  </PolicyEndDate>
<CancellationDate />
<ARD />
<AuditPeriodStartDate>08/28/2018  </AuditPeriodStartDate>
<AuditPeriodEndDate>08/28/2019  </AuditPeriodEndDate>
<CancellationCode />
<FEIN>954794160</FEIN>
<Locations>
<Location>
<EntityNumber>1</EntityNumber>
<LocationNumber>1</LocationNumber>
<LocationDescription>2021 E Gladstone Street Glendora, CA 91740</LocationDescription>
<LocationState>CA</LocationState>
<EntityType>Organization Including a Corporation</EntityType>
</Location>
</Locations>
<ClassCodes>
<ClassCode>
<EntityNumber>1</EntityNumber>
<LocationNumber>1</LocationNumber>
<ClassCodeState>CA</ClassCodeState>
<ClassCode>91551</ClassCode>
<SecondaryId />
<ClassCodeDescription>Communication Equipment Installation  - industrial or commercial</ClassCodeDescription>
<EstimatedExposure>200000.0000</EstimatedExposure>
<Rate>0.00</Rate>
<Subline />
<PremiumBasis>P</PremiumBasis>
<PremiumBasisDescription>Payroll</PremiumBasisDescription>
<CoverageEffectiveDate>08/28/2018</CoverageEffectiveDate>
<CoverageExpirationDate>08/28/2019</CoverageExpirationDate>
</ClassCode>
<ClassCode>
<EntityNumber>1</EntityNumber>
<LocationNumber>1</LocationNumber>
<ClassCodeState>CA</ClassCodeState>
<ClassCode>91585</ClassCode>
<SecondaryId />
<ClassCodeDescription>Contractors - subcontracted work - in  connection with construction,  reconstruction, repair or erection of  buildings - Not Otherwise Classified</ClassCodeDescription>
<EstimatedExposure>50000.0000</EstimatedExposure>
<Rate>0.00</Rate>
<Subline />
<PremiumBasis>C</PremiumBasis>
<PremiumBasisDescription>Cost</PremiumBasisDescription>
<CoverageEffectiveDate>08/28/2018</CoverageEffectiveDate>
<CoverageExpirationDate>08/28/2019</CoverageExpirationDate>
</ClassCode>
</ClassCodes>
<Endorsements>
</Endorsements>
<Claims>
</Claims>
<Notes>
<Note>
<CaseNotes>[Class Code Override] - Loc: 1; Code: 91551     ; Description: Communication Equipment Installation  - industrial or commercial; Rate: Included; Exporsure: 1000000; Exposure Basis: Gross Sales; Premium: 13000</CaseNotes>
</Note>
<Note>
<CaseNotes>[Class Code Override] - Loc: 1; Code: 91585     ; Description: Contractors - subcontracted work - in  connection with construction,  reconstruction, repair or erection of  buildings - Not Otherwise Classified; Rate: Included; Exporsure: 0; Exposure Basis: Included; Premium: Included</CaseNotes>
</Note>
</Notes>
</Audit>
