﻿<?xml version="1.0" encoding="utf-8"?>
<Audit>
<ControlID>24998</ControlID>
<OrderType>New</OrderType>
<ConcurrentId />
<ServiceType>Physical Audit</ServiceType>
<CarrierName>Technology Insurance Company, Inc.</CarrierName>
<CarrierNumber>1</CarrierNumber>
<InsuredName>Nexus Test WC Single Location with split_Southeast</InsuredName>
<InsuredName2 />
<InsuredAddress1>9219 E. Hidden Spur Trl.</InsuredAddress1>
<InsuredAddress2 />
<InsuredCity>Scottsdale</InsuredCity>
<InsuredState>AZ</InsuredState>
<InsuredZipCode>85255</InsuredZipCode>
<InsuredPhone>4805856810</InsuredPhone>
<InsuredFax />
<InsuredCell />
<InsuredPhoneOther />
<InsuredEmail />
<InsuredWebsite />
<InsuredContact>Tonya Bratcher</InsuredContact>
<EntityType>Limited Liability Company</EntityType>
<SIC>7991</SIC>
<AuditType>Annual</AuditType>
<DueDate>09/01/2019  </DueDate>
<Rush>False</Rush>
<BranchCode />
<Extra />
<LORName>Nexus Test WC Single Location with split_Southeast</LORName>
<LORAddress1>9219 E. Hidden Spur Trl.</LORAddress1>
<LORAddress2 />
<LORCity>Scottsdale</LORCity>
<LORState>AZ</LORState>
<LORZipCode>85255</LORZipCode>
<LORPhone>4805856810</LORPhone>
<LORFax />
<LORCell />
<LORPhoneOther />
<LOREmail />
<LORContact>Tonya Bratcher</LORContact>
<AgentName>BMS Insurance Solutions, Inc.</AgentName>
<AgentAddress1>P. O. Box 42147</AgentAddress1>
<AgentAddress2 />
<AgentCity>Phoenix</AgentCity>
<AgentState>AZ</AgentState>
<AgentZipCode>85080</AgentZipCode>
<AgentCode>51886</AgentCode>
<AgentEmail />
<AgentContact />
<AgentPhone>6023362400</AgentPhone>
<AgentFax>6024332344</AgentFax>
<AgentCell />
<AgentPhoneOther />
<StateCode />
<DistrictCode>Arizona</DistrictCode>
<PolicyNumber>TWC3705566</PolicyNumber>
<PolicyType>WC</PolicyType>
<EstimatedPremium>3780.0000</EstimatedPremium>
<PolicyStartDate>04/01/2018  </PolicyStartDate>
<PolicyEndDate>04/01/2019  </PolicyEndDate>
<CancellationDate />
<ARD />
<AuditPeriodStartDate>04/01/2018  </AuditPeriodStartDate>
<AuditPeriodEndDate>04/01/2019  </AuditPeriodEndDate>
<CancellationCode />
<FEIN>453247935</FEIN>
<Locations>
<Location>
<EntityNumber>1</EntityNumber>
<LocationNumber>1</LocationNumber>
<LocationDescription>8541 E Anderson Dr Scottsdale, AZ 85255</LocationDescription>
<LocationState>AZ</LocationState>
<EntityType>Limited Liability Company</EntityType>
</Location>
</Locations>
<ClassCodes>
<ClassCode>
<EntityNumber>1</EntityNumber>
<LocationNumber>1</LocationNumber>
<ClassCodeState>AZ</ClassCodeState>
<ClassCode>8832</ClassCode>
<SecondaryId>00</SecondaryId>
<ClassCodeDescription>Physician &amp; Clerical</ClassCodeDescription>
<EstimatedExposure>303728.0000</EstimatedExposure>
<Rate>0.31</Rate>
<Subline />
<PremiumBasis>P</PremiumBasis>
<PremiumBasisDescription>Payroll</PremiumBasisDescription>
<CoverageEffectiveDate>04/01/2018</CoverageEffectiveDate>
<CoverageExpirationDate>03/05/2019</CoverageExpirationDate>
</ClassCode>
<ClassCode>
<EntityNumber>1</EntityNumber>
<LocationNumber>1</LocationNumber>
<ClassCodeState>AZ</ClassCodeState>
<ClassCode>8832</ClassCode>
<SecondaryId>00</SecondaryId>
<ClassCodeDescription>Physician &amp; Clerical</ClassCodeDescription>
<EstimatedExposure>24272.0000</EstimatedExposure>
<Rate>0.31</Rate>
<Subline />
<PremiumBasis>P</PremiumBasis>
<PremiumBasisDescription>Payroll</PremiumBasisDescription>
<CoverageEffectiveDate>03/05/2019</CoverageEffectiveDate>
<CoverageExpirationDate>04/01/2019</CoverageExpirationDate>
</ClassCode>
<ClassCode>
<EntityNumber>1</EntityNumber>
<LocationNumber>1</LocationNumber>
<ClassCodeState>AZ</ClassCodeState>
<ClassCode>9063</ClassCode>
<SecondaryId>01</SecondaryId>
<ClassCodeDescription>Exercise or Health Institute &amp; Clerical</ClassCodeDescription>
<EstimatedExposure>129640.0000</EstimatedExposure>
<Rate>1.05</Rate>
<Subline />
<PremiumBasis>P</PremiumBasis>
<PremiumBasisDescription>Payroll</PremiumBasisDescription>
<CoverageEffectiveDate>04/01/2018</CoverageEffectiveDate>
<CoverageExpirationDate>03/05/2019</CoverageExpirationDate>
</ClassCode>
<ClassCode>
<EntityNumber>1</EntityNumber>
<LocationNumber>1</LocationNumber>
<ClassCodeState>AZ</ClassCodeState>
<ClassCode>9063</ClassCode>
<SecondaryId>01</SecondaryId>
<ClassCodeDescription>Exercise or Health Institute &amp; Clerical</ClassCodeDescription>
<EstimatedExposure>10360.0000</EstimatedExposure>
<Rate>1.05</Rate>
<Subline />
<PremiumBasis>P</PremiumBasis>
<PremiumBasisDescription>Payroll</PremiumBasisDescription>
<CoverageEffectiveDate>03/05/2019</CoverageEffectiveDate>
<CoverageExpirationDate>04/01/2019</CoverageExpirationDate>
</ClassCode>
</ClassCodes>
<Endorsements>
</Endorsements>
<Claims>
</Claims>
<Notes>
</Notes>
</Audit>
