﻿<?xml version="1.0" encoding="utf-8"?>
<Audit>
<ControlID>24938</ControlID>
<OrderType>New</OrderType>
<ConcurrentId />
<ServiceType>Physical Audit</ServiceType>
<CarrierName>Wesco Insurance Company</CarrierName>
<CarrierNumber>3</CarrierNumber>
<InsuredName>Nexus Test WC Multi Location Test Insured_Southeast</InsuredName>
<InsuredName2 />
<InsuredAddress1>5360 Mission Blvd</InsuredAddress1>
<InsuredAddress2 />
<InsuredCity>Riverside</InsuredCity>
<InsuredState>CA</InsuredState>
<InsuredZipCode>92509</InsuredZipCode>
<InsuredPhone>9516860685</InsuredPhone>
<InsuredFax />
<InsuredCell />
<InsuredPhoneOther />
<InsuredEmail />
<InsuredWebsite />
<InsuredContact />
<EntityType>Partnership</EntityType>
<SIC>4111</SIC>
<AuditType>Annual</AuditType>
<DueDate>09/01/2019  </DueDate>
<Rush>False</Rush>
<BranchCode />
<Extra />
<LORName>Nexus Test WC Multi Location Test Insured_Southeast</LORName>
<LORAddress1>5360 Mission Blvd</LORAddress1>
<LORAddress2 />
<LORCity>Riverside</LORCity>
<LORState>CA</LORState>
<LORZipCode>92509</LORZipCode>
<LORPhone>9516860685</LORPhone>
<LORFax />
<LORCell />
<LORPhoneOther />
<LOREmail />
<LORContact />
<AgentName>United Valley Insurance Services, Inc.</AgentName>
<AgentAddress1>3245 W. Figarden Drive</AgentAddress1>
<AgentAddress2 />
<AgentCity>Fresno</AgentCity>
<AgentState>CA</AgentState>
<AgentZipCode>93711</AgentZipCode>
<AgentCode>27013</AgentCode>
<AgentEmail />
<AgentContact />
<AgentPhone>5592562500</AgentPhone>
<AgentFax>5594409583</AgentFax>
<AgentCell />
<AgentPhoneOther />
<StateCode />
<DistrictCode>Southern-CA</DistrictCode>
<PolicyNumber>WWC3361356</PolicyNumber>
<PolicyType>WC</PolicyType>
<EstimatedPremium>111073.0000</EstimatedPremium>
<PolicyStartDate>07/01/2018  </PolicyStartDate>
<PolicyEndDate>07/01/2019  </PolicyEndDate>
<CancellationDate />
<ARD />
<AuditPeriodStartDate>07/01/2018  </AuditPeriodStartDate>
<AuditPeriodEndDate>07/01/2019  </AuditPeriodEndDate>
<CancellationCode />
<FEIN>800145612</FEIN>
<Locations>
<Location>
<EntityNumber>1</EntityNumber>
<LocationNumber>1</LocationNumber>
<LocationDescription>5360 Mission Blvd Riverside, CA 92509</LocationDescription>
<LocationState>CA</LocationState>
<EntityType>Partnership</EntityType>
</Location>
<Location>
<EntityNumber>1</EntityNumber>
<LocationNumber>2</LocationNumber>
<LocationDescription>5360 Mission Blvd Riverside 	, CA 92509</LocationDescription>
<LocationState>CA</LocationState>
<EntityType>Partnership</EntityType>
</Location>
<Location>
<EntityNumber>1</EntityNumber>
<LocationNumber>3</LocationNumber>
<LocationDescription>5360 Mission Blvd Riverside, CA 92509</LocationDescription>
<LocationState>CA</LocationState>
<EntityType>Partnership</EntityType>
</Location>
</Locations>
<ClassCodes>
<ClassCode>
<EntityNumber>1</EntityNumber>
<LocationNumber>1</LocationNumber>
<ClassCodeState>CA</ClassCodeState>
<ClassCode>8010</ClassCode>
<SecondaryId>00</SecondaryId>
<ClassCodeDescription>Store: Hardware</ClassCodeDescription>
<EstimatedExposure>315684.0000</EstimatedExposure>
<Rate>1.81</Rate>
<Subline />
<PremiumBasis>P</PremiumBasis>
<PremiumBasisDescription>Payroll</PremiumBasisDescription>
<CoverageEffectiveDate>07/01/2018</CoverageEffectiveDate>
<CoverageExpirationDate>07/01/2019</CoverageExpirationDate>
</ClassCode>
<ClassCode>
<EntityNumber>1</EntityNumber>
<LocationNumber>1</LocationNumber>
<ClassCodeState>CA</ClassCodeState>
<ClassCode>8742</ClassCode>
<SecondaryId>00</SecondaryId>
<ClassCodeDescription>Salespersons, Collectors or Messengers—Outside</ClassCodeDescription>
<EstimatedExposure>279779.0000</EstimatedExposure>
<Rate>0.33</Rate>
<Subline />
<PremiumBasis>P</PremiumBasis>
<PremiumBasisDescription>Payroll</PremiumBasisDescription>
<CoverageEffectiveDate>07/01/2018</CoverageEffectiveDate>
<CoverageExpirationDate>07/01/2019</CoverageExpirationDate>
</ClassCode>
<ClassCode>
<EntityNumber>1</EntityNumber>
<LocationNumber>1</LocationNumber>
<ClassCodeState>CA</ClassCodeState>
<ClassCode>8810</ClassCode>
<SecondaryId>00</SecondaryId>
<ClassCodeDescription>Clerical Office Employees NOC</ClassCodeDescription>
<EstimatedExposure>261640.0000</EstimatedExposure>
<Rate>0.16</Rate>
<Subline />
<PremiumBasis>P</PremiumBasis>
<PremiumBasisDescription>Payroll</PremiumBasisDescription>
<CoverageEffectiveDate>07/01/2018</CoverageEffectiveDate>
<CoverageExpirationDate>07/01/2019</CoverageExpirationDate>
</ClassCode>
<ClassCode>
<EntityNumber>1</EntityNumber>
<LocationNumber>1</LocationNumber>
<ClassCodeState>CA</ClassCodeState>
<ClassCode>8010</ClassCode>
<SecondaryId>01</SecondaryId>
<ClassCodeDescription>Store: Hardware</ClassCodeDescription>
<EstimatedExposure>179011.0000</EstimatedExposure>
<Rate>2.04</Rate>
<Subline />
<PremiumBasis>P</PremiumBasis>
<PremiumBasisDescription>Payroll</PremiumBasisDescription>
<CoverageEffectiveDate>07/01/2018</CoverageEffectiveDate>
<CoverageExpirationDate>07/01/2019</CoverageExpirationDate>
</ClassCode>
<ClassCode>
<EntityNumber>1</EntityNumber>
<LocationNumber>1</LocationNumber>
<ClassCodeState>CA</ClassCodeState>
<ClassCode>8742</ClassCode>
<SecondaryId>01</SecondaryId>
<ClassCodeDescription>Salespersons, Collectors or Messengers—Outside</ClassCodeDescription>
<EstimatedExposure>197663.0000</EstimatedExposure>
<Rate>0.45</Rate>
<Subline />
<PremiumBasis>P</PremiumBasis>
<PremiumBasisDescription>Payroll</PremiumBasisDescription>
<CoverageEffectiveDate>07/01/2018</CoverageEffectiveDate>
<CoverageExpirationDate>07/01/2019</CoverageExpirationDate>
</ClassCode>
<ClassCode>
<EntityNumber>1</EntityNumber>
<LocationNumber>1</LocationNumber>
<ClassCodeState>CA</ClassCodeState>
<ClassCode>8810</ClassCode>
<SecondaryId>01</SecondaryId>
<ClassCodeDescription>Clerical Office Employees NOC</ClassCodeDescription>
<EstimatedExposure>367529.0000</EstimatedExposure>
<Rate>0.22</Rate>
<Subline />
<PremiumBasis>P</PremiumBasis>
<PremiumBasisDescription>Payroll</PremiumBasisDescription>
<CoverageEffectiveDate>07/01/2018</CoverageEffectiveDate>
<CoverageExpirationDate>07/01/2019</CoverageExpirationDate>
</ClassCode>
</ClassCodes>
<Endorsements>
<Endorsement>
<OfficerName>Johnny Linarez</OfficerName>
<OfficerTitle />
<OfficerClassCode />
<OfficerClassCodeDescription />
<IncludeExclude>Include</IncludeExclude>
</Endorsement>
<Endorsement>
<OfficerName>Gloria Linarez</OfficerName>
<OfficerTitle />
<OfficerClassCode />
<OfficerClassCodeDescription />
<IncludeExclude>Exclude</IncludeExclude>
</Endorsement>
</Endorsements>
<Claims>
</Claims>
<Notes>
</Notes>
</Audit>
