﻿<?xml version="1.0" encoding="utf-8"?>
<Audit>
<ControlID>24961</ControlID>
<OrderType>New</OrderType>
<ConcurrentId />
<ServiceType>Physical Audit</ServiceType>
<CarrierName>Technology Insurance Company, Inc.</CarrierName>
<CarrierNumber>1</CarrierNumber>
<InsuredName>Nexus Test WC Multi State and Loc Test Insured_Southeast</InsuredName>
<InsuredName2 />
<InsuredAddress1>2404 Mount Zion Rd</InsuredAddress1>
<InsuredAddress2 />
<InsuredCity>Greenwood</InsuredCity>
<InsuredState>AR</InsuredState>
<InsuredZipCode>72936</InsuredZipCode>
<InsuredPhone />
<InsuredFax />
<InsuredCell />
<InsuredPhoneOther />
<InsuredEmail />
<InsuredWebsite />
<InsuredContact />
<EntityType>Corporation</EntityType>
<SIC>5251</SIC>
<AuditType>Annual</AuditType>
<DueDate>09/01/2019  </DueDate>
<Rush>False</Rush>
<BranchCode />
<Extra />
<LORName>Nexus Test WC Multi State and Loc Test Insured_Southeast</LORName>
<LORAddress1>2404 Mount Zion Rd</LORAddress1>
<LORAddress2 />
<LORCity>Greenwood</LORCity>
<LORState>AR</LORState>
<LORZipCode>72936</LORZipCode>
<LORPhone />
<LORFax />
<LORCell />
<LORPhoneOther />
<LOREmail />
<LORContact />
<AgentName>McGriff Insurance Services, Inc.</AgentName>
<AgentAddress1>250 West 1st Street</AgentAddress1>
<AgentAddress2 />
<AgentCity>Winston-Salem</AgentCity>
<AgentState>NC</AgentState>
<AgentZipCode>27102</AgentZipCode>
<AgentCode>54569</AgentCode>
<AgentEmail />
<AgentContact />
<AgentPhone>3367330233</AgentPhone>
<AgentFax>8886324236</AgentFax>
<AgentCell />
<AgentPhoneOther />
<StateCode />
<DistrictCode>North 8</DistrictCode>
<PolicyNumber>TWC3725842</PolicyNumber>
<PolicyType>WC</PolicyType>
<EstimatedPremium>3738.0000</EstimatedPremium>
<PolicyStartDate>07/01/2018  </PolicyStartDate>
<PolicyEndDate>07/01/2019  </PolicyEndDate>
<CancellationDate />
<ARD />
<AuditPeriodStartDate>07/01/2018  </AuditPeriodStartDate>
<AuditPeriodEndDate>07/01/2019  </AuditPeriodEndDate>
<CancellationCode />
<FEIN>562201057</FEIN>
<Locations>
<Location>
<EntityNumber>1</EntityNumber>
<LocationNumber>1</LocationNumber>
<LocationDescription>2404 Mount Zion Rd Greenwood, AR 72936</LocationDescription>
<LocationState>AR</LocationState>
<EntityType>Corporation</EntityType>
</Location>
<Location>
<EntityNumber>1</EntityNumber>
<LocationNumber>1</LocationNumber>
<LocationDescription />
<LocationState>KS</LocationState>
<EntityType>Corporation</EntityType>
</Location>
<Location>
<EntityNumber>1</EntityNumber>
<LocationNumber>1</LocationNumber>
<LocationDescription />
<LocationState>LA</LocationState>
<EntityType>Corporation</EntityType>
</Location>
<Location>
<EntityNumber>1</EntityNumber>
<LocationNumber>1</LocationNumber>
<LocationDescription />
<LocationState>MO</LocationState>
<EntityType>Corporation</EntityType>
</Location>
<Location>
<EntityNumber>1</EntityNumber>
<LocationNumber>1</LocationNumber>
<LocationDescription />
<LocationState>MS</LocationState>
<EntityType>Corporation</EntityType>
</Location>
<Location>
<EntityNumber>1</EntityNumber>
<LocationNumber>1</LocationNumber>
<LocationDescription />
<LocationState>OK</LocationState>
<EntityType>Corporation</EntityType>
</Location>
<Location>
<EntityNumber>1</EntityNumber>
<LocationNumber>1</LocationNumber>
<LocationDescription />
<LocationState>TX</LocationState>
<EntityType>Corporation</EntityType>
</Location>
<Location>
<EntityNumber>1</EntityNumber>
<LocationNumber>2</LocationNumber>
<LocationDescription>Any location in Kansas Kansas City, KS 66119</LocationDescription>
<LocationState>KS</LocationState>
<EntityType>Corporation</EntityType>
</Location>
<Location>
<EntityNumber>1</EntityNumber>
<LocationNumber>3</LocationNumber>
<LocationDescription>529 E. Normal Street Springfield, MO 65807</LocationDescription>
<LocationState>MO</LocationState>
<EntityType>Corporation</EntityType>
</Location>
<Location>
<EntityNumber>1</EntityNumber>
<LocationNumber>4</LocationNumber>
<LocationDescription>1707 Eisenhower Dr. Vicksburg, MS 39180</LocationDescription>
<LocationState>MS</LocationState>
<EntityType>Corporation</EntityType>
</Location>
<Location>
<EntityNumber>1</EntityNumber>
<LocationNumber>5</LocationNumber>
<LocationDescription>501 Cheswick Court Norman, OK 73072</LocationDescription>
<LocationState>OK</LocationState>
<EntityType>Corporation</EntityType>
</Location>
<Location>
<EntityNumber>1</EntityNumber>
<LocationNumber>6</LocationNumber>
<LocationDescription>108 Casa Drive Haughton, LA 71037</LocationDescription>
<LocationState>LA</LocationState>
<EntityType>Corporation</EntityType>
</Location>
<Location>
<EntityNumber>1</EntityNumber>
<LocationNumber>7</LocationNumber>
<LocationDescription>206 Brentwood Drive Athens, TX 75751</LocationDescription>
<LocationState>TX</LocationState>
<EntityType>Corporation</EntityType>
</Location>
<Location>
<EntityNumber>1</EntityNumber>
<LocationNumber>8</LocationNumber>
<LocationDescription>502 Bedivere Victoria, TX 77904</LocationDescription>
<LocationState>TX</LocationState>
<EntityType>Corporation</EntityType>
</Location>
</Locations>
<ClassCodes>
<ClassCode>
<EntityNumber>1</EntityNumber>
<LocationNumber>1</LocationNumber>
<ClassCodeState>AR</ClassCodeState>
<ClassCode>8010</ClassCode>
<SecondaryId>00</SecondaryId>
<ClassCodeDescription>Store: Hardware</ClassCodeDescription>
<EstimatedExposure>238000.0000</EstimatedExposure>
<Rate>0.79</Rate>
<Subline />
<PremiumBasis>P</PremiumBasis>
<PremiumBasisDescription>Payroll</PremiumBasisDescription>
<CoverageEffectiveDate>07/01/2018</CoverageEffectiveDate>
<CoverageExpirationDate>07/01/2019</CoverageExpirationDate>
</ClassCode>
<ClassCode>
<EntityNumber>1</EntityNumber>
<LocationNumber>1</LocationNumber>
<ClassCodeState>AR</ClassCodeState>
<ClassCode>8742</ClassCode>
<SecondaryId>00</SecondaryId>
<ClassCodeDescription>Salespersons, Collectors or Messengers—Outside</ClassCodeDescription>
<EstimatedExposure>196000.0000</EstimatedExposure>
<Rate>0.15</Rate>
<Subline />
<PremiumBasis>P</PremiumBasis>
<PremiumBasisDescription>Payroll</PremiumBasisDescription>
<CoverageEffectiveDate>07/01/2018</CoverageEffectiveDate>
<CoverageExpirationDate>07/01/2019</CoverageExpirationDate>
</ClassCode>
<ClassCode>
<EntityNumber>1</EntityNumber>
<LocationNumber>1</LocationNumber>
<ClassCodeState>AR</ClassCodeState>
<ClassCode>8810</ClassCode>
<SecondaryId>00</SecondaryId>
<ClassCodeDescription>Clerical Office Employees NOC</ClassCodeDescription>
<EstimatedExposure>408700.0000</EstimatedExposure>
<Rate>0.09</Rate>
<Subline />
<PremiumBasis>P</PremiumBasis>
<PremiumBasisDescription>Payroll</PremiumBasisDescription>
<CoverageEffectiveDate>07/01/2018</CoverageEffectiveDate>
<CoverageExpirationDate>07/01/2019</CoverageExpirationDate>
</ClassCode>
<ClassCode>
<EntityNumber>1</EntityNumber>
<LocationNumber>1</LocationNumber>
<ClassCodeState>KS</ClassCodeState>
<ClassCode>8742</ClassCode>
<SecondaryId>00</SecondaryId>
<ClassCodeDescription>Salespersons, Collectors or Messengers—Outside</ClassCodeDescription>
<EstimatedExposure>1000.0000</EstimatedExposure>
<Rate>0.24</Rate>
<Subline />
<PremiumBasis>P</PremiumBasis>
<PremiumBasisDescription>Payroll</PremiumBasisDescription>
<CoverageEffectiveDate>07/01/2018</CoverageEffectiveDate>
<CoverageExpirationDate>07/01/2019</CoverageExpirationDate>
</ClassCode>
<ClassCode>
<EntityNumber>1</EntityNumber>
<LocationNumber>1</LocationNumber>
<ClassCodeState>LA</ClassCodeState>
<ClassCode>8742</ClassCode>
<SecondaryId>00</SecondaryId>
<ClassCodeDescription>Salespersons, Collectors or Messengers—Outside</ClassCodeDescription>
<EstimatedExposure>1000.0000</EstimatedExposure>
<Rate>0.45</Rate>
<Subline />
<PremiumBasis>P</PremiumBasis>
<PremiumBasisDescription>Payroll</PremiumBasisDescription>
<CoverageEffectiveDate>07/01/2018</CoverageEffectiveDate>
<CoverageExpirationDate>07/01/2019</CoverageExpirationDate>
</ClassCode>
<ClassCode>
<EntityNumber>1</EntityNumber>
<LocationNumber>1</LocationNumber>
<ClassCodeState>MO</ClassCodeState>
<ClassCode>8742</ClassCode>
<SecondaryId>00</SecondaryId>
<ClassCodeDescription>Salespersons, Collectors or Messengers—Outside</ClassCodeDescription>
<EstimatedExposure>1000.0000</EstimatedExposure>
<Rate>0.38</Rate>
<Subline />
<PremiumBasis>P</PremiumBasis>
<PremiumBasisDescription>Payroll</PremiumBasisDescription>
<CoverageEffectiveDate>07/01/2018</CoverageEffectiveDate>
<CoverageExpirationDate>07/01/2019</CoverageExpirationDate>
</ClassCode>
<ClassCode>
<EntityNumber>1</EntityNumber>
<LocationNumber>1</LocationNumber>
<ClassCodeState>MS</ClassCodeState>
<ClassCode>8742</ClassCode>
<SecondaryId>00</SecondaryId>
<ClassCodeDescription>Salespersons, Collectors or Messengers—Outside</ClassCodeDescription>
<EstimatedExposure>73900.0000</EstimatedExposure>
<Rate>0.42</Rate>
<Subline />
<PremiumBasis>P</PremiumBasis>
<PremiumBasisDescription>Payroll</PremiumBasisDescription>
<CoverageEffectiveDate>07/01/2018</CoverageEffectiveDate>
<CoverageExpirationDate>07/01/2019</CoverageExpirationDate>
</ClassCode>
<ClassCode>
<EntityNumber>1</EntityNumber>
<LocationNumber>1</LocationNumber>
<ClassCodeState>OK</ClassCodeState>
<ClassCode>8742</ClassCode>
<SecondaryId>00</SecondaryId>
<ClassCodeDescription>Salespersons, Collectors or Messengers—Outside</ClassCodeDescription>
<EstimatedExposure>148200.0000</EstimatedExposure>
<Rate>0.37</Rate>
<Subline />
<PremiumBasis>P</PremiumBasis>
<PremiumBasisDescription>Payroll</PremiumBasisDescription>
<CoverageEffectiveDate>07/01/2018</CoverageEffectiveDate>
<CoverageExpirationDate>07/01/2019</CoverageExpirationDate>
</ClassCode>
<ClassCode>
<EntityNumber>1</EntityNumber>
<LocationNumber>1</LocationNumber>
<ClassCodeState>TX</ClassCodeState>
<ClassCode>8742</ClassCode>
<SecondaryId>00</SecondaryId>
<ClassCodeDescription>Salespersons, Collectors or Messengers - Outside</ClassCodeDescription>
<EstimatedExposure>87000.0000</EstimatedExposure>
<Rate>0.16</Rate>
<Subline />
<PremiumBasis>P</PremiumBasis>
<PremiumBasisDescription>Payroll</PremiumBasisDescription>
<CoverageEffectiveDate>07/01/2018</CoverageEffectiveDate>
<CoverageExpirationDate>07/01/2019</CoverageExpirationDate>
</ClassCode>
</ClassCodes>
<Endorsements>
</Endorsements>
<Claims>
</Claims>
<Notes>
</Notes>
</Audit>
