﻿<?xml version="1.0" encoding="utf-8"?>
<Audit>
<ControlID>47051</ControlID>
<OrderType>New</OrderType>
<ConcurrentId />
<ServiceType>Physical Audit</ServiceType>
<CarrierName>Security National Insurance Company</CarrierName>
<CarrierNumber>7</CarrierNumber>
<InsuredName>Nexus Test_GL no sublines_Sales and Units</InsuredName>
<InsuredName2 />
<InsuredAddress1>2721 LeJeune Road</InsuredAddress1>
<InsuredAddress2 />
<InsuredCity>Miami</InsuredCity>
<InsuredState>FL</InsuredState>
<InsuredZipCode>33142</InsuredZipCode>
<InsuredPhone />
<InsuredFax />
<InsuredCell />
<InsuredPhoneOther />
<InsuredEmail />
<InsuredWebsite />
<InsuredContact />
<EntityType>Limited Liability Company</EntityType>
<SIC />
<AuditType>Annual</AuditType>
<DueDate>10/27/2019  </DueDate>
<Rush>False</Rush>
<BranchCode />
<Extra />
<LORName>Nexus Test_GL no sublines_Sales and Units</LORName>
<LORAddress1>2721 LeJeune Road</LORAddress1>
<LORAddress2 />
<LORCity>Miami</LORCity>
<LORState>FL</LORState>
<LORZipCode>33142</LORZipCode>
<LORPhone />
<LORFax />
<LORCell />
<LORPhoneOther />
<LOREmail />
<LORContact />
<AgentName>Regency Insurance Brokerage Services, Inc. - GBA</AgentName>
<AgentAddress1>217 E. Hallandale Beach Blvd</AgentAddress1>
<AgentAddress2 />
<AgentCity>Hallandale Beach</AgentCity>
<AgentState>FL</AgentState>
<AgentZipCode>33008-0250</AgentZipCode>
<AgentCode>73216</AgentCode>
<AgentEmail />
<AgentContact />
<AgentPhone>9544586323</AgentPhone>
<AgentFax>9544545862</AgentFax>
<AgentCell />
<AgentPhoneOther />
<StateCode />
<DistrictCode>Regency Insurance Br</DistrictCode>
<PolicyNumber>999999</PolicyNumber>
<PolicyType>GL - Sales &amp; Units</PolicyType>
<EstimatedPremium>5632.0000</EstimatedPremium>
<PolicyStartDate>08/28/2018  </PolicyStartDate>
<PolicyEndDate>08/28/2019  </PolicyEndDate>
<CancellationDate />
<ARD />
<AuditPeriodStartDate>08/28/2018  </AuditPeriodStartDate>
<AuditPeriodEndDate>08/28/2019  </AuditPeriodEndDate>
<CancellationCode />
<FEIN />
<Locations>
<Location>
<EntityNumber>1</EntityNumber>
<LocationNumber>1</LocationNumber>
<LocationDescription>2721 LeJeune Road Miami, FL 33142</LocationDescription>
<LocationState>FL</LocationState>
<EntityType>Limited Liability Company</EntityType>
</Location>
</Locations>
<ClassCodes>
<ClassCode>
<EntityNumber>1</EntityNumber>
<LocationNumber>1</LocationNumber>
<ClassCodeState>FL</ClassCodeState>
<ClassCode>13454</ClassCode>
<SecondaryId />
<ClassCodeDescription>Gasoline Stations - self-service</ClassCodeDescription>
<EstimatedExposure>720000.0000</EstimatedExposure>
<Rate>0.00</Rate>
<Subline />
<PremiumBasis>G</PremiumBasis>
<PremiumBasisDescription>Gallons</PremiumBasisDescription>
<CoverageEffectiveDate>08/28/2018</CoverageEffectiveDate>
<CoverageExpirationDate>08/28/2019</CoverageExpirationDate>
</ClassCode>
<ClassCode>
<EntityNumber>1</EntityNumber>
<LocationNumber>1</LocationNumber>
<ClassCodeState>FL</ClassCodeState>
<ClassCode>13673</ClassCode>
<SecondaryId />
<ClassCodeDescription>Grocery Stores (excluding Supermarkets  with receipts in excess of $500,000  and area in excess of 3,000 sq. feet)</ClassCodeDescription>
<EstimatedExposure>180000.0000</EstimatedExposure>
<Rate>0.00</Rate>
<Subline />
<PremiumBasis>S</PremiumBasis>
<PremiumBasisDescription>Sales</PremiumBasisDescription>
<CoverageEffectiveDate>08/28/2018</CoverageEffectiveDate>
<CoverageExpirationDate>08/28/2019</CoverageExpirationDate>
</ClassCode>
</ClassCodes>
<Endorsements>
</Endorsements>
<Claims>
</Claims>
<Notes>
</Notes>
</Audit>
