﻿<?xml version="1.0" encoding="utf-8"?>
<Audit>
<ControlID>47053</ControlID>
<OrderType>New</OrderType>
<ConcurrentId />
<ServiceType>Physical Audit</ServiceType>
<CarrierName>Associated Industries Insurance Company, Inc.</CarrierName>
<CarrierNumber>5</CarrierNumber>
<InsuredName>Nexus Test_GL no sublines_Sales</InsuredName>
<InsuredName2 />
<InsuredAddress1>1400 N. Lorraine Street</InsuredAddress1>
<InsuredAddress2 />
<InsuredCity>Hutchinson,</InsuredCity>
<InsuredState>KS</InsuredState>
<InsuredZipCode>67501</InsuredZipCode>
<InsuredPhone>7134171739</InsuredPhone>
<InsuredFax />
<InsuredCell />
<InsuredPhoneOther />
<InsuredEmail />
<InsuredWebsite />
<InsuredContact>Greg Wahlers</InsuredContact>
<EntityType>Limited Liability Company</EntityType>
<SIC />
<AuditType>Annual</AuditType>
<DueDate>10/27/2019  </DueDate>
<Rush>False</Rush>
<BranchCode />
<Extra />
<LORName>Nexus Test_GL no sublines_Sales</LORName>
<LORAddress1>1400 N. Lorraine Street</LORAddress1>
<LORAddress2 />
<LORCity>Hutchinson,</LORCity>
<LORState>KS</LORState>
<LORZipCode>67501</LORZipCode>
<LORPhone>7134171739</LORPhone>
<LORFax />
<LORCell />
<LORPhoneOther />
<LOREmail />
<LORContact>Greg Wahlers</LORContact>
<AgentName>USG Insurance Services, Inc. - Tampa</AgentName>
<AgentAddress1>3810 Northdale Boulevard, Suite 190</AgentAddress1>
<AgentAddress2 />
<AgentCity>Tampa</AgentCity>
<AgentState>FL</AgentState>
<AgentZipCode>33624</AgentZipCode>
<AgentCode>47208</AgentCode>
<AgentEmail />
<AgentContact />
<AgentPhone>7247549100</AgentPhone>
<AgentFax>7242655751</AgentFax>
<AgentCell />
<AgentPhoneOther />
<StateCode />
<DistrictCode>AmTrust E &amp; S Insura</DistrictCode>
<PolicyNumber>7777777</PolicyNumber>
<PolicyType>GL - Sales</PolicyType>
<EstimatedPremium>10225.0000</EstimatedPremium>
<PolicyStartDate>08/28/2018  </PolicyStartDate>
<PolicyEndDate>08/28/2019  </PolicyEndDate>
<CancellationDate />
<ARD />
<AuditPeriodStartDate>08/28/2018  </AuditPeriodStartDate>
<AuditPeriodEndDate>08/28/2019  </AuditPeriodEndDate>
<CancellationCode />
<FEIN />
<Locations>
<Location>
<EntityNumber>1</EntityNumber>
<LocationNumber>1</LocationNumber>
<LocationDescription>1400 N. Lorraine Street Hutchinson, KS 67501</LocationDescription>
<LocationState>KS</LocationState>
<EntityType>Limited Liability Company</EntityType>
</Location>
</Locations>
<ClassCodes>
<ClassCode>
<EntityNumber>1</EntityNumber>
<LocationNumber>1</LocationNumber>
<ClassCodeState>KS</ClassCodeState>
<ClassCode>16915</ClassCode>
<SecondaryId />
<ClassCodeDescription>Restaurants - with sales of alcoholic beverages  that are 30% or more but less than 75% of the  total annual receipts of the restaurants - with  dance floor</ClassCodeDescription>
<EstimatedExposure>500000.0000</EstimatedExposure>
<Rate>0.00</Rate>
<Subline />
<PremiumBasis>S</PremiumBasis>
<PremiumBasisDescription>Sales</PremiumBasisDescription>
<CoverageEffectiveDate>08/28/2018</CoverageEffectiveDate>
<CoverageExpirationDate>08/28/2019</CoverageExpirationDate>
</ClassCode>
<ClassCode>
<EntityNumber>1</EntityNumber>
<LocationNumber>1</LocationNumber>
<ClassCodeState>KS</ClassCodeState>
<ClassCode>45190</ClassCode>
<SecondaryId />
<ClassCodeDescription>Hotels and Motels - with pools or  beaches - less than four stories</ClassCodeDescription>
<EstimatedExposure>1400000.0000</EstimatedExposure>
<Rate>0.00</Rate>
<Subline />
<PremiumBasis>S</PremiumBasis>
<PremiumBasisDescription>Sales</PremiumBasisDescription>
<CoverageEffectiveDate>08/28/2018</CoverageEffectiveDate>
<CoverageExpirationDate>08/28/2019</CoverageExpirationDate>
</ClassCode>
</ClassCodes>
<Endorsements>
</Endorsements>
<Claims>
</Claims>
<Notes>
</Notes>
</Audit>
