﻿<?xml version="1.0" encoding="utf-8"?>
<Audit>
<ControlID>51363</ControlID>
<OrderType>New</OrderType>
<ConcurrentId />
<ServiceType>Physical Audit</ServiceType>
<CarrierName>Wesco Insurance Company</CarrierName>
<CarrierNumber>3</CarrierNumber>
<InsuredName>Nexus Test_GL multi state multi location no subline</InsuredName>
<InsuredName2 />
<InsuredAddress1>5817 Sunset Lake Rd</InsuredAddress1>
<InsuredAddress2 />
<InsuredCity>Holly Springs</InsuredCity>
<InsuredState>NC</InsuredState>
<InsuredZipCode>27540</InsuredZipCode>
<InsuredPhone>9192644362</InsuredPhone>
<InsuredFax />
<InsuredCell />
<InsuredPhoneOther />
<InsuredEmail />
<InsuredWebsite />
<InsuredContact>Kathy Sampayo</InsuredContact>
<EntityType>Organization Including a Corporation</EntityType>
<SIC />
<AuditType>Annual</AuditType>
<DueDate>10/07/2019  </DueDate>
<Rush>False</Rush>
<BranchCode />
<Extra />
<LORName>Nexus Test_GL multi state multi location no subline</LORName>
<LORAddress1>5817 Sunset Lake Rd</LORAddress1>
<LORAddress2 />
<LORCity>Holly Springs</LORCity>
<LORState>NC</LORState>
<LORZipCode>27540</LORZipCode>
<LORPhone>9192644362</LORPhone>
<LORFax />
<LORCell />
<LORPhoneOther />
<LOREmail />
<LORContact>Kathy Sampayo</LORContact>
<AgentName>First Casualty Insurance Agency, Inc.</AgentName>
<AgentAddress1>190- A Turner Street</AgentAddress1>
<AgentAddress2 />
<AgentCity>Southern Pines</AgentCity>
<AgentState>NC</AgentState>
<AgentZipCode>28387</AgentZipCode>
<AgentCode>122858</AgentCode>
<AgentEmail />
<AgentContact />
<AgentPhone>9198630150</AgentPhone>
<AgentFax>9198630156</AgentFax>
<AgentCell />
<AgentPhoneOther />
<StateCode />
<DistrictCode>North 8</DistrictCode>
<PolicyNumber>123123</PolicyNumber>
<PolicyType>GL - Payroll</PolicyType>
<EstimatedPremium>12854.0000</EstimatedPremium>
<PolicyStartDate>08/08/2018  </PolicyStartDate>
<PolicyEndDate>08/08/2019  </PolicyEndDate>
<CancellationDate />
<ARD />
<AuditPeriodStartDate>08/08/2018  </AuditPeriodStartDate>
<AuditPeriodEndDate>08/08/2019  </AuditPeriodEndDate>
<CancellationCode />
<FEIN>562662516</FEIN>
<Locations>
<Location>
<EntityNumber>1</EntityNumber>
<LocationNumber>1</LocationNumber>
<LocationDescription>5817 Sunset Lake Rd Holly Springs, NC 27540</LocationDescription>
<LocationState>NC</LocationState>
<EntityType>Organization Including a Corporation</EntityType>
</Location>
<Location>
<EntityNumber>1</EntityNumber>
<LocationNumber>2</LocationNumber>
<LocationDescription>130 Frogale Ct Winchester, VA 22602</LocationDescription>
<LocationState>VA</LocationState>
<EntityType>Organization Including a Corporation</EntityType>
</Location>
<Location>
<EntityNumber>1</EntityNumber>
<LocationNumber>3</LocationNumber>
<LocationDescription>7598 Currency Dr Orlando, FL 32809</LocationDescription>
<LocationState>FL</LocationState>
<EntityType>Organization Including a Corporation</EntityType>
</Location>
<Location>
<EntityNumber>1</EntityNumber>
<LocationNumber>4</LocationNumber>
<LocationDescription>650 Braselton Pkwy Braselton, GA 30517</LocationDescription>
<LocationState>GA</LocationState>
<EntityType>Organization Including a Corporation</EntityType>
</Location>
</Locations>
<ClassCodes>
<ClassCode>
<EntityNumber>1</EntityNumber>
<LocationNumber>1</LocationNumber>
<ClassCodeState>NC</ClassCodeState>
<ClassCode>96816</ClassCode>
<SecondaryId />
<ClassCodeDescription>Janitorial Services</ClassCodeDescription>
<EstimatedExposure>548336.0000</EstimatedExposure>
<Rate>0.00</Rate>
<Subline />
<PremiumBasis>P</PremiumBasis>
<PremiumBasisDescription>Payroll</PremiumBasisDescription>
<CoverageEffectiveDate>08/08/2018</CoverageEffectiveDate>
<CoverageExpirationDate>08/08/2019</CoverageExpirationDate>
</ClassCode>
<ClassCode>
<EntityNumber>1</EntityNumber>
<LocationNumber>2</LocationNumber>
<ClassCodeState>VA</ClassCodeState>
<ClassCode>96816</ClassCode>
<SecondaryId />
<ClassCodeDescription>Janitorial Services</ClassCodeDescription>
<EstimatedExposure>289860.0000</EstimatedExposure>
<Rate>0.00</Rate>
<Subline />
<PremiumBasis>P</PremiumBasis>
<PremiumBasisDescription>Payroll</PremiumBasisDescription>
<CoverageEffectiveDate>08/08/2018</CoverageEffectiveDate>
<CoverageExpirationDate>08/08/2019</CoverageExpirationDate>
</ClassCode>
<ClassCode>
<EntityNumber>1</EntityNumber>
<LocationNumber>3</LocationNumber>
<ClassCodeState>FL</ClassCodeState>
<ClassCode>96816</ClassCode>
<SecondaryId />
<ClassCodeDescription>Janitorial Services</ClassCodeDescription>
<EstimatedExposure>396000.0000</EstimatedExposure>
<Rate>0.00</Rate>
<Subline />
<PremiumBasis>P</PremiumBasis>
<PremiumBasisDescription>Payroll</PremiumBasisDescription>
<CoverageEffectiveDate>08/08/2018</CoverageEffectiveDate>
<CoverageExpirationDate>08/08/2019</CoverageExpirationDate>
</ClassCode>
<ClassCode>
<EntityNumber>1</EntityNumber>
<LocationNumber>4</LocationNumber>
<ClassCodeState>GA</ClassCodeState>
<ClassCode>96816</ClassCode>
<SecondaryId />
<ClassCodeDescription>Janitorial Services</ClassCodeDescription>
<EstimatedExposure>156000.0000</EstimatedExposure>
<Rate>0.00</Rate>
<Subline />
<PremiumBasis>P</PremiumBasis>
<PremiumBasisDescription>Payroll</PremiumBasisDescription>
<CoverageEffectiveDate>08/08/2018</CoverageEffectiveDate>
<CoverageExpirationDate>08/08/2019</CoverageExpirationDate>
</ClassCode>
</ClassCodes>
<Endorsements>
</Endorsements>
<Claims>
</Claims>
<Notes>
</Notes>
</Audit>
