﻿<?xml version="1.0" encoding="utf-8"?>
<Audit>
<ControlID>24107</ControlID>
<OrderType>New</OrderType>
<ConcurrentId />
<ServiceType>Physical Audit</ServiceType>
<CarrierName>Associated Industries Insurance Company, Inc.</CarrierName>
<CarrierNumber>5</CarrierNumber>
<InsuredName>Nexus Test GL Multi Location Test Insured_Southeast</InsuredName>
<InsuredName2 />
<InsuredAddress1>712 Morgan Blvd</InsuredAddress1>
<InsuredAddress2>Suite 112</InsuredAddress2>
<InsuredCity>Harlingen</InsuredCity>
<InsuredState>TX</InsuredState>
<InsuredZipCode>78550</InsuredZipCode>
<InsuredPhone>9564254649</InsuredPhone>
<InsuredFax />
<InsuredCell />
<InsuredPhoneOther />
<InsuredEmail />
<InsuredWebsite />
<InsuredContact>Sarah Medina</InsuredContact>
<EntityType>Organization Including a Corporation</EntityType>
<SIC />
<AuditType>Annual</AuditType>
<DueDate>09/09/2019  </DueDate>
<Rush>False</Rush>
<BranchCode />
<Extra />
<LORName>Nexus Test GL Multi Location Test Insured_Southeast</LORName>
<LORAddress1>712 Morgan Blvd</LORAddress1>
<LORAddress2>Suite 112</LORAddress2>
<LORCity>Harlingen</LORCity>
<LORState>TX</LORState>
<LORZipCode>78550</LORZipCode>
<LORPhone>9564254649</LORPhone>
<LORFax />
<LORCell />
<LORPhoneOther />
<LOREmail />
<LORContact>Sarah Medina</LORContact>
<AgentName>RTC2 Partners, LLC - Dallas</AgentName>
<AgentAddress1>13455 Noel Road, Suite 2300</AgentAddress1>
<AgentAddress2 />
<AgentCity>Dallas</AgentCity>
<AgentState>TX</AgentState>
<AgentZipCode>75240</AgentZipCode>
<AgentCode>106312</AgentCode>
<AgentEmail />
<AgentContact />
<AgentPhone>2143692900</AgentPhone>
<AgentFax>4693109110</AgentFax>
<AgentCell />
<AgentPhoneOther />
<StateCode />
<DistrictCode>AmTrust E &amp; S Insura</DistrictCode>
<PolicyNumber>AES1054175-00</PolicyNumber>
<PolicyType>GL - Payroll</PolicyType>
<EstimatedPremium>25475.0000</EstimatedPremium>
<PolicyStartDate>07/11/2018  </PolicyStartDate>
<PolicyEndDate>07/11/2019  </PolicyEndDate>
<CancellationDate />
<ARD />
<AuditPeriodStartDate>07/11/2018  </AuditPeriodStartDate>
<AuditPeriodEndDate>07/11/2019  </AuditPeriodEndDate>
<CancellationCode />
<FEIN>742853526</FEIN>
<Locations>
<Location>
<EntityNumber>1</EntityNumber>
<LocationNumber>1</LocationNumber>
<LocationDescription>712 Morgan Blvd Harlingen, TX 78550</LocationDescription>
<LocationState>TX</LocationState>
<EntityType>Organization Including a Corporation</EntityType>
</Location>
<Location>
<EntityNumber>1</EntityNumber>
<LocationNumber>2</LocationNumber>
<LocationDescription>224 N F Street Harlingen, TX 78550</LocationDescription>
<LocationState>TX</LocationState>
<EntityType>Organization Including a Corporation</EntityType>
</Location>
</Locations>
<ClassCodes>
<ClassCode>
<EntityNumber>1</EntityNumber>
<LocationNumber>1</LocationNumber>
<ClassCodeState>TX</ClassCodeState>
<ClassCode>91581</ClassCode>
<SecondaryId />
<ClassCodeDescription>Contractors - subcontracted work - in  connection with construction,  reconstruction, erection or repair  - not buildings - Not Otherwise  Classified</ClassCodeDescription>
<EstimatedExposure>215000.0000</EstimatedExposure>
<Rate>2.32</Rate>
<Subline>334</Subline>
<PremiumBasis>C</PremiumBasis>
<PremiumBasisDescription>Cost</PremiumBasisDescription>
<CoverageEffectiveDate>07/11/2018</CoverageEffectiveDate>
<CoverageExpirationDate>07/11/2019</CoverageExpirationDate>
</ClassCode>
<ClassCode>
<EntityNumber>1</EntityNumber>
<LocationNumber>2</LocationNumber>
<ClassCodeState>TX</ClassCodeState>
<ClassCode>91581</ClassCode>
<SecondaryId />
<ClassCodeDescription>Contractors - subcontracted work - in  connection with construction,  reconstruction, erection or repair  - not buildings - Not Otherwise  Classified</ClassCodeDescription>
<EstimatedExposure>215000.0000</EstimatedExposure>
<Rate>2.32</Rate>
<Subline>334</Subline>
<PremiumBasis>C</PremiumBasis>
<PremiumBasisDescription>Cost</PremiumBasisDescription>
<CoverageEffectiveDate>07/11/2018</CoverageEffectiveDate>
<CoverageExpirationDate>07/11/2019</CoverageExpirationDate>
</ClassCode>
<ClassCode>
<EntityNumber>1</EntityNumber>
<LocationNumber>1</LocationNumber>
<ClassCodeState>TX</ClassCodeState>
<ClassCode>91581</ClassCode>
<SecondaryId />
<ClassCodeDescription>Contractors - subcontracted work - in  connection with construction,  reconstruction, erection or repair  - not buildings - Not Otherwise  Classified</ClassCodeDescription>
<EstimatedExposure>215000.0000</EstimatedExposure>
<Rate>2.56</Rate>
<Subline>336</Subline>
<PremiumBasis>C</PremiumBasis>
<PremiumBasisDescription>Cost</PremiumBasisDescription>
<CoverageEffectiveDate>07/11/2018</CoverageEffectiveDate>
<CoverageExpirationDate>07/11/2019</CoverageExpirationDate>
</ClassCode>
<ClassCode>
<EntityNumber>1</EntityNumber>
<LocationNumber>2</LocationNumber>
<ClassCodeState>TX</ClassCodeState>
<ClassCode>91581</ClassCode>
<SecondaryId />
<ClassCodeDescription>Contractors - subcontracted work - in  connection with construction,  reconstruction, erection or repair  - not buildings - Not Otherwise  Classified</ClassCodeDescription>
<EstimatedExposure>215000.0000</EstimatedExposure>
<Rate>2.56</Rate>
<Subline>336</Subline>
<PremiumBasis>C</PremiumBasis>
<PremiumBasisDescription>Cost</PremiumBasisDescription>
<CoverageEffectiveDate>07/11/2018</CoverageEffectiveDate>
<CoverageExpirationDate>07/11/2019</CoverageExpirationDate>
</ClassCode>
<ClassCode>
<EntityNumber>1</EntityNumber>
<LocationNumber>1</LocationNumber>
<ClassCodeState>TX</ClassCodeState>
<ClassCode>92215</ClassCode>
<SecondaryId />
<ClassCodeDescription>Driveway, Parking Area or Sidewalk  - paving or repaving</ClassCodeDescription>
<EstimatedExposure>303900.0000</EstimatedExposure>
<Rate>4.21</Rate>
<Subline>334</Subline>
<PremiumBasis>P</PremiumBasis>
<PremiumBasisDescription>Payroll</PremiumBasisDescription>
<CoverageEffectiveDate>07/11/2018</CoverageEffectiveDate>
<CoverageExpirationDate>07/11/2019</CoverageExpirationDate>
</ClassCode>
<ClassCode>
<EntityNumber>1</EntityNumber>
<LocationNumber>2</LocationNumber>
<ClassCodeState>TX</ClassCodeState>
<ClassCode>92215</ClassCode>
<SecondaryId />
<ClassCodeDescription>Driveway, Parking Area or Sidewalk  - paving or repaving</ClassCodeDescription>
<EstimatedExposure>303900.0000</EstimatedExposure>
<Rate>4.21</Rate>
<Subline>334</Subline>
<PremiumBasis>P</PremiumBasis>
<PremiumBasisDescription>Payroll</PremiumBasisDescription>
<CoverageEffectiveDate>07/11/2018</CoverageEffectiveDate>
<CoverageExpirationDate>07/11/2019</CoverageExpirationDate>
</ClassCode>
<ClassCode>
<EntityNumber>1</EntityNumber>
<LocationNumber>1</LocationNumber>
<ClassCodeState>TX</ClassCodeState>
<ClassCode>92215</ClassCode>
<SecondaryId />
<ClassCodeDescription>Driveway, Parking Area or Sidewalk  - paving or repaving</ClassCodeDescription>
<EstimatedExposure>303900.0000</EstimatedExposure>
<Rate>2.92</Rate>
<Subline>336</Subline>
<PremiumBasis>P</PremiumBasis>
<PremiumBasisDescription>Payroll</PremiumBasisDescription>
<CoverageEffectiveDate>07/11/2018</CoverageEffectiveDate>
<CoverageExpirationDate>07/11/2019</CoverageExpirationDate>
</ClassCode>
<ClassCode>
<EntityNumber>1</EntityNumber>
<LocationNumber>2</LocationNumber>
<ClassCodeState>TX</ClassCodeState>
<ClassCode>92215</ClassCode>
<SecondaryId />
<ClassCodeDescription>Driveway, Parking Area or Sidewalk  - paving or repaving</ClassCodeDescription>
<EstimatedExposure>303900.0000</EstimatedExposure>
<Rate>2.92</Rate>
<Subline>336</Subline>
<PremiumBasis>P</PremiumBasis>
<PremiumBasisDescription>Payroll</PremiumBasisDescription>
<CoverageEffectiveDate>07/11/2018</CoverageEffectiveDate>
<CoverageExpirationDate>07/11/2019</CoverageExpirationDate>
</ClassCode>
</ClassCodes>
<Endorsements>
</Endorsements>
<Claims>
</Claims>
<Notes>
</Notes>
</Audit>
