﻿<?xml version="1.0" encoding="utf-8"?>
<Audit>
<ControlID>24950</ControlID>
<OrderType>New</OrderType>
<ConcurrentId />
<ServiceType>Physical Audit</ServiceType>
<CarrierName>Technology Insurance Company, Inc.</CarrierName>
<CarrierNumber>1</CarrierNumber>
<InsuredName>Nexus Test WC multi loc with split sample insured_Southeast</InsuredName>
<InsuredName2 />
<InsuredAddress1>6725 BEST FRIEND RD</InsuredAddress1>
<InsuredAddress2 />
<InsuredCity>NORCROSS</InsuredCity>
<InsuredState>GA</InsuredState>
<InsuredZipCode>30071</InsuredZipCode>
<InsuredPhone>7706401232</InsuredPhone>
<InsuredFax />
<InsuredCell />
<InsuredPhoneOther />
<InsuredEmail />
<InsuredWebsite />
<InsuredContact>IRAIDA GONZALEZ</InsuredContact>
<EntityType>Corporation</EntityType>
<SIC>5039</SIC>
<AuditType>Annual</AuditType>
<DueDate>09/01/2019  </DueDate>
<Rush>False</Rush>
<BranchCode />
<Extra />
<LORName>Nexus Test WC multi loc with split sample insured_Southeast</LORName>
<LORAddress1>6725 BEST FRIEND RD</LORAddress1>
<LORAddress2 />
<LORCity>NORCROSS</LORCity>
<LORState>GA</LORState>
<LORZipCode>30071</LORZipCode>
<LORPhone>7706401232</LORPhone>
<LORFax />
<LORCell />
<LORPhoneOther />
<LOREmail />
<LORContact>IRAIDA GONZALEZ</LORContact>
<AgentName>Risk Placement Services, Inc.</AgentName>
<AgentAddress1>485 E. Riverside Drive, Ste 300</AgentAddress1>
<AgentAddress2 />
<AgentCity>Eagle</AgentCity>
<AgentState>ID</AgentState>
<AgentZipCode>83616</AgentZipCode>
<AgentCode>17787</AgentCode>
<AgentEmail />
<AgentContact />
<AgentPhone>2083426100</AgentPhone>
<AgentFax>2083425159</AgentFax>
<AgentCell />
<AgentPhoneOther />
<StateCode />
<DistrictCode>ANA National Brokers</DistrictCode>
<PolicyNumber>TWC3705145</PolicyNumber>
<PolicyType>WC</PolicyType>
<EstimatedPremium>3268.0000</EstimatedPremium>
<PolicyStartDate>04/01/2018  </PolicyStartDate>
<PolicyEndDate>04/01/2019  </PolicyEndDate>
<CancellationDate />
<ARD />
<AuditPeriodStartDate>04/01/2018  </AuditPeriodStartDate>
<AuditPeriodEndDate>04/01/2019  </AuditPeriodEndDate>
<CancellationCode />
<FEIN>900904963</FEIN>
<Locations>
<Location>
<EntityNumber>1</EntityNumber>
<LocationNumber>1</LocationNumber>
<LocationDescription>6725 BEST FRIEND RD NORCROSS, GA 30071</LocationDescription>
<LocationState>GA</LocationState>
<EntityType>Corporation</EntityType>
</Location>
<Location>
<EntityNumber>1</EntityNumber>
<LocationNumber>2</LocationNumber>
<LocationDescription>3185 Maysville Rd Commerce, GA 30071</LocationDescription>
<LocationState>GA</LocationState>
<EntityType>Corporation</EntityType>
</Location>
</Locations>
<ClassCodes>
<ClassCode>
<EntityNumber>1</EntityNumber>
<LocationNumber>1</LocationNumber>
<ClassCodeState>GA</ClassCodeState>
<ClassCode>8017</ClassCode>
<SecondaryId>00</SecondaryId>
<ClassCodeDescription>Store: Retail—NOC</ClassCodeDescription>
<EstimatedExposure>95.0000</EstimatedExposure>
<Rate>1.86</Rate>
<Subline />
<PremiumBasis>P</PremiumBasis>
<PremiumBasisDescription>Payroll</PremiumBasisDescription>
<CoverageEffectiveDate>04/01/2018</CoverageEffectiveDate>
<CoverageExpirationDate>03/14/2019</CoverageExpirationDate>
</ClassCode>
<ClassCode>
<EntityNumber>1</EntityNumber>
<LocationNumber>1</LocationNumber>
<ClassCodeState>GA</ClassCodeState>
<ClassCode>8017</ClassCode>
<SecondaryId>00</SecondaryId>
<ClassCodeDescription>Store: Retail—NOC</ClassCodeDescription>
<EstimatedExposure>5.0000</EstimatedExposure>
<Rate>1.86</Rate>
<Subline />
<PremiumBasis>P</PremiumBasis>
<PremiumBasisDescription>Payroll</PremiumBasisDescription>
<CoverageEffectiveDate>03/14/2019</CoverageEffectiveDate>
<CoverageExpirationDate>04/01/2019</CoverageExpirationDate>
</ClassCode>
<ClassCode>
<EntityNumber>1</EntityNumber>
<LocationNumber>1</LocationNumber>
<ClassCodeState>GA</ClassCodeState>
<ClassCode>8018</ClassCode>
<SecondaryId>06</SecondaryId>
<ClassCodeDescription>Store: Floor Covering—Wholesale</ClassCodeDescription>
<EstimatedExposure>68472.0000</EstimatedExposure>
<Rate>4.01</Rate>
<Subline />
<PremiumBasis>P</PremiumBasis>
<PremiumBasisDescription>Payroll</PremiumBasisDescription>
<CoverageEffectiveDate>04/01/2018</CoverageEffectiveDate>
<CoverageExpirationDate>03/14/2019</CoverageExpirationDate>
</ClassCode>
<ClassCode>
<EntityNumber>1</EntityNumber>
<LocationNumber>1</LocationNumber>
<ClassCodeState>GA</ClassCodeState>
<ClassCode>8018</ClassCode>
<SecondaryId>06</SecondaryId>
<ClassCodeDescription>Store: Floor Covering—Wholesale</ClassCodeDescription>
<EstimatedExposure>3528.0000</EstimatedExposure>
<Rate>4.01</Rate>
<Subline />
<PremiumBasis>P</PremiumBasis>
<PremiumBasisDescription>Payroll</PremiumBasisDescription>
<CoverageEffectiveDate>03/14/2019</CoverageEffectiveDate>
<CoverageExpirationDate>04/01/2019</CoverageExpirationDate>
</ClassCode>
<ClassCode>
<EntityNumber>1</EntityNumber>
<LocationNumber>1</LocationNumber>
<ClassCodeState>GA</ClassCodeState>
<ClassCode>8810</ClassCode>
<SecondaryId>00</SecondaryId>
<ClassCodeDescription>Clerical Office Employees NOC</ClassCodeDescription>
<EstimatedExposure>2293.0000</EstimatedExposure>
<Rate>0.18</Rate>
<Subline />
<PremiumBasis>P</PremiumBasis>
<PremiumBasisDescription>Payroll</PremiumBasisDescription>
<CoverageEffectiveDate>03/14/2019</CoverageEffectiveDate>
<CoverageExpirationDate>04/01/2019</CoverageExpirationDate>
</ClassCode>
<ClassCode>
<EntityNumber>1</EntityNumber>
<LocationNumber>1</LocationNumber>
<ClassCodeState>GA</ClassCodeState>
<ClassCode>8810</ClassCode>
<SecondaryId>00</SecondaryId>
<ClassCodeDescription>Clerical Office Employees NOC</ClassCodeDescription>
<EstimatedExposure>44507.0000</EstimatedExposure>
<Rate>0.18</Rate>
<Subline />
<PremiumBasis>P</PremiumBasis>
<PremiumBasisDescription>Payroll</PremiumBasisDescription>
<CoverageEffectiveDate>04/01/2018</CoverageEffectiveDate>
<CoverageExpirationDate>03/14/2019</CoverageExpirationDate>
</ClassCode>
</ClassCodes>
<Endorsements>
</Endorsements>
<Claims>
</Claims>
<Notes>
</Notes>
</Audit>
