﻿<?xml version="1.0" encoding="utf-8"?>
<Audit>
<ControlID>24973</ControlID>
<OrderType>New</OrderType>
<ConcurrentId />
<ServiceType>Physical Audit</ServiceType>
<CarrierName>Wesco Insurance Company</CarrierName>
<CarrierNumber>3</CarrierNumber>
<InsuredName>Nexus Test WC Multi State and Location with Split_Southeast</InsuredName>
<InsuredName2 />
<InsuredAddress1>P.O. Box 1197</InsuredAddress1>
<InsuredAddress2 />
<InsuredCity>Russellville</InsuredCity>
<InsuredState>AR</InsuredState>
<InsuredZipCode>72811</InsuredZipCode>
<InsuredPhone />
<InsuredFax />
<InsuredCell />
<InsuredPhoneOther />
<InsuredEmail />
<InsuredWebsite>http://beaconretailstore.ezytire.com/contact/</InsuredWebsite>
<InsuredContact />
<EntityType>Corporation</EntityType>
<SIC>5199</SIC>
<AuditType>Annual</AuditType>
<DueDate>09/01/2019  </DueDate>
<Rush>False</Rush>
<BranchCode />
<Extra />
<LORName>Nexus Test WC Multi State and Location with Split_Southeast</LORName>
<LORAddress1>P.O. Box 1197</LORAddress1>
<LORAddress2 />
<LORCity>Russellville</LORCity>
<LORState>AR</LORState>
<LORZipCode>72811</LORZipCode>
<LORPhone />
<LORFax />
<LORCell />
<LORPhoneOther />
<LOREmail />
<LORContact />
<AgentName>Coffman-Standridge, Inc.</AgentName>
<AgentAddress1>PO Box 1284</AgentAddress1>
<AgentAddress2 />
<AgentCity>Russellville</AgentCity>
<AgentState>AR</AgentState>
<AgentZipCode>72801</AgentZipCode>
<AgentCode>83573</AgentCode>
<AgentEmail />
<AgentContact />
<AgentPhone>4799685553</AgentPhone>
<AgentFax>4799687993</AgentFax>
<AgentCell />
<AgentPhoneOther />
<StateCode />
<DistrictCode>South Central</DistrictCode>
<PolicyNumber>WWC3361973</PolicyNumber>
<PolicyType>WC</PolicyType>
<EstimatedPremium>67116.0000</EstimatedPremium>
<PolicyStartDate>07/01/2018  </PolicyStartDate>
<PolicyEndDate>07/01/2019  </PolicyEndDate>
<CancellationDate />
<ARD />
<AuditPeriodStartDate>07/01/2018  </AuditPeriodStartDate>
<AuditPeriodEndDate>07/01/2019  </AuditPeriodEndDate>
<CancellationCode />
<FEIN>710826922</FEIN>
<Locations>
<Location>
<EntityNumber>1</EntityNumber>
<LocationNumber>1</LocationNumber>
<LocationDescription>1713 E Main Russellville, AR 72801</LocationDescription>
<LocationState>AR</LocationState>
<EntityType>Corporation</EntityType>
</Location>
<Location>
<EntityNumber>1</EntityNumber>
<LocationNumber>1</LocationNumber>
<LocationDescription />
<LocationState>KS</LocationState>
<EntityType>Corporation</EntityType>
</Location>
<Location>
<EntityNumber>1</EntityNumber>
<LocationNumber>1</LocationNumber>
<LocationDescription />
<LocationState>OK</LocationState>
<EntityType>Corporation</EntityType>
</Location>
<Location>
<EntityNumber>1</EntityNumber>
<LocationNumber>2</LocationNumber>
<LocationDescription>620 Townsend Ave Fort Smith, AR 72901</LocationDescription>
<LocationState>AR</LocationState>
<EntityType>Corporation</EntityType>
</Location>
<Location>
<EntityNumber>1</EntityNumber>
<LocationNumber>3</LocationNumber>
<LocationDescription>2404 Military Ave Baxter Springs, KS 66713</LocationDescription>
<LocationState>KS</LocationState>
<EntityType>Corporation</EntityType>
</Location>
<Location>
<EntityNumber>1</EntityNumber>
<LocationNumber>5</LocationNumber>
<LocationDescription>980 Box Ln McAlester, OK 74501</LocationDescription>
<LocationState>OK</LocationState>
<EntityType>Corporation</EntityType>
</Location>
<Location>
<EntityNumber>1</EntityNumber>
<LocationNumber>6</LocationNumber>
<LocationDescription>3838 E Main St Russellville, AR 72802</LocationDescription>
<LocationState>AR</LocationState>
<EntityType>Corporation</EntityType>
</Location>
<Location>
<EntityNumber>1</EntityNumber>
<LocationNumber>7</LocationNumber>
<LocationDescription>1307 S 6th St Fort Smith, AR 72901</LocationDescription>
<LocationState>AR</LocationState>
<EntityType>Corporation</EntityType>
</Location>
</Locations>
<ClassCodes>
<ClassCode>
<EntityNumber>1</EntityNumber>
<LocationNumber>1</LocationNumber>
<ClassCodeState>AR</ClassCodeState>
<ClassCode>8018</ClassCode>
<SecondaryId>00</SecondaryId>
<ClassCodeDescription>Store: Wholesale NOC</ClassCodeDescription>
<EstimatedExposure>430146.0000</EstimatedExposure>
<Rate>1.29</Rate>
<Subline />
<PremiumBasis>P</PremiumBasis>
<PremiumBasisDescription>Payroll</PremiumBasisDescription>
<CoverageEffectiveDate>07/01/2018</CoverageEffectiveDate>
<CoverageExpirationDate>02/05/2019</CoverageExpirationDate>
</ClassCode>
<ClassCode>
<EntityNumber>1</EntityNumber>
<LocationNumber>1</LocationNumber>
<ClassCodeState>AR</ClassCodeState>
<ClassCode>8018</ClassCode>
<SecondaryId>00</SecondaryId>
<ClassCodeDescription>Store: Wholesale NOC</ClassCodeDescription>
<EstimatedExposure>81141.0000</EstimatedExposure>
<Rate>1.29</Rate>
<Subline />
<PremiumBasis>P</PremiumBasis>
<PremiumBasisDescription>Payroll</PremiumBasisDescription>
<CoverageEffectiveDate>02/05/2019</CoverageEffectiveDate>
<CoverageExpirationDate>07/01/2019</CoverageExpirationDate>
</ClassCode>
<ClassCode>
<EntityNumber>1</EntityNumber>
<LocationNumber>1</LocationNumber>
<ClassCodeState>AR</ClassCodeState>
<ClassCode>8046</ClassCode>
<SecondaryId>00</SecondaryId>
<ClassCodeDescription>Store: Automobile Parts and Accessories NOC &amp; Drivers</ClassCodeDescription>
<EstimatedExposure>0.0000</EstimatedExposure>
<Rate>1.26</Rate>
<Subline />
<PremiumBasis>P</PremiumBasis>
<PremiumBasisDescription>Payroll</PremiumBasisDescription>
<CoverageEffectiveDate>07/01/2018</CoverageEffectiveDate>
<CoverageExpirationDate>02/05/2019</CoverageExpirationDate>
</ClassCode>
<ClassCode>
<EntityNumber>1</EntityNumber>
<LocationNumber>1</LocationNumber>
<ClassCodeState>AR</ClassCodeState>
<ClassCode>8380</ClassCode>
<SecondaryId>00</SecondaryId>
<ClassCodeDescription>Automobile Service or Repair Center &amp; Drivers</ClassCodeDescription>
<EstimatedExposure>264815.0000</EstimatedExposure>
<Rate>1.78</Rate>
<Subline />
<PremiumBasis>P</PremiumBasis>
<PremiumBasisDescription>Payroll</PremiumBasisDescription>
<CoverageEffectiveDate>07/01/2018</CoverageEffectiveDate>
<CoverageExpirationDate>02/05/2019</CoverageExpirationDate>
</ClassCode>
<ClassCode>
<EntityNumber>1</EntityNumber>
<LocationNumber>1</LocationNumber>
<ClassCodeState>AR</ClassCodeState>
<ClassCode>8380</ClassCode>
<SecondaryId>00</SecondaryId>
<ClassCodeDescription>Automobile Service or Repair Center &amp; Drivers</ClassCodeDescription>
<EstimatedExposure>176544.0000</EstimatedExposure>
<Rate>1.78</Rate>
<Subline />
<PremiumBasis>P</PremiumBasis>
<PremiumBasisDescription>Payroll</PremiumBasisDescription>
<CoverageEffectiveDate>02/05/2019</CoverageEffectiveDate>
<CoverageExpirationDate>07/01/2019</CoverageExpirationDate>
</ClassCode>
<ClassCode>
<EntityNumber>1</EntityNumber>
<LocationNumber>1</LocationNumber>
<ClassCodeState>KS</ClassCodeState>
<ClassCode>8018</ClassCode>
<SecondaryId>01</SecondaryId>
<ClassCodeDescription>Store: Wholesale NOC</ClassCodeDescription>
<EstimatedExposure>153388.0000</EstimatedExposure>
<Rate>2.65</Rate>
<Subline />
<PremiumBasis>P</PremiumBasis>
<PremiumBasisDescription>Payroll</PremiumBasisDescription>
<CoverageEffectiveDate>07/01/2018</CoverageEffectiveDate>
<CoverageExpirationDate>02/05/2019</CoverageExpirationDate>
</ClassCode>
<ClassCode>
<EntityNumber>1</EntityNumber>
<LocationNumber>1</LocationNumber>
<ClassCodeState>KS</ClassCodeState>
<ClassCode>8018</ClassCode>
<SecondaryId>01</SecondaryId>
<ClassCodeDescription>Store: Wholesale NOC</ClassCodeDescription>
<EstimatedExposure>102259.0000</EstimatedExposure>
<Rate>2.65</Rate>
<Subline />
<PremiumBasis>P</PremiumBasis>
<PremiumBasisDescription>Payroll</PremiumBasisDescription>
<CoverageEffectiveDate>02/05/2019</CoverageEffectiveDate>
<CoverageExpirationDate>07/01/2019</CoverageExpirationDate>
</ClassCode>
<ClassCode>
<EntityNumber>1</EntityNumber>
<LocationNumber>1</LocationNumber>
<ClassCodeState>KS</ClassCodeState>
<ClassCode>8046</ClassCode>
<SecondaryId>02</SecondaryId>
<ClassCodeDescription>Store: Automobile Parts and Accessories NOC &amp; Drivers</ClassCodeDescription>
<EstimatedExposure>0.0000</EstimatedExposure>
<Rate>2.34</Rate>
<Subline />
<PremiumBasis>P</PremiumBasis>
<PremiumBasisDescription>Payroll</PremiumBasisDescription>
<CoverageEffectiveDate>07/01/2018</CoverageEffectiveDate>
<CoverageExpirationDate>02/05/2019</CoverageExpirationDate>
</ClassCode>
<ClassCode>
<EntityNumber>1</EntityNumber>
<LocationNumber>1</LocationNumber>
<ClassCodeState>KS</ClassCodeState>
<ClassCode>8046</ClassCode>
<SecondaryId>02</SecondaryId>
<ClassCodeDescription>Store: Automobile Parts and Accessories NOC &amp; Drivers</ClassCodeDescription>
<EstimatedExposure>0.0000</EstimatedExposure>
<Rate>2.34</Rate>
<Subline />
<PremiumBasis>P</PremiumBasis>
<PremiumBasisDescription>Payroll</PremiumBasisDescription>
<CoverageEffectiveDate>02/05/2019</CoverageEffectiveDate>
<CoverageExpirationDate>07/01/2019</CoverageExpirationDate>
</ClassCode>
<ClassCode>
<EntityNumber>1</EntityNumber>
<LocationNumber>1</LocationNumber>
<ClassCodeState>KS</ClassCodeState>
<ClassCode>8380</ClassCode>
<SecondaryId>00</SecondaryId>
<ClassCodeDescription>Automobile Service or Repair Center &amp; Drivers</ClassCodeDescription>
<EstimatedExposure>0.0000</EstimatedExposure>
<Rate>2.04</Rate>
<Subline />
<PremiumBasis>P</PremiumBasis>
<PremiumBasisDescription>Payroll</PremiumBasisDescription>
<CoverageEffectiveDate>07/01/2018</CoverageEffectiveDate>
<CoverageExpirationDate>02/05/2019</CoverageExpirationDate>
</ClassCode>
<ClassCode>
<EntityNumber>1</EntityNumber>
<LocationNumber>1</LocationNumber>
<ClassCodeState>KS</ClassCodeState>
<ClassCode>8380</ClassCode>
<SecondaryId>00</SecondaryId>
<ClassCodeDescription>Automobile Service or Repair Center &amp; Drivers</ClassCodeDescription>
<EstimatedExposure>0.0000</EstimatedExposure>
<Rate>2.04</Rate>
<Subline />
<PremiumBasis>P</PremiumBasis>
<PremiumBasisDescription>Payroll</PremiumBasisDescription>
<CoverageEffectiveDate>02/05/2019</CoverageEffectiveDate>
<CoverageExpirationDate>07/01/2019</CoverageExpirationDate>
</ClassCode>
<ClassCode>
<EntityNumber>1</EntityNumber>
<LocationNumber>1</LocationNumber>
<ClassCodeState>OK</ClassCodeState>
<ClassCode>8018</ClassCode>
<SecondaryId>00</SecondaryId>
<ClassCodeDescription>Store: Wholesale NOC</ClassCodeDescription>
<EstimatedExposure>104332.0000</EstimatedExposure>
<Rate>3.17</Rate>
<Subline />
<PremiumBasis>P</PremiumBasis>
<PremiumBasisDescription>Payroll</PremiumBasisDescription>
<CoverageEffectiveDate>07/01/2018</CoverageEffectiveDate>
<CoverageExpirationDate>02/05/2019</CoverageExpirationDate>
</ClassCode>
<ClassCode>
<EntityNumber>1</EntityNumber>
<LocationNumber>1</LocationNumber>
<ClassCodeState>OK</ClassCodeState>
<ClassCode>8018</ClassCode>
<SecondaryId>00</SecondaryId>
<ClassCodeDescription>Store: Wholesale NOC</ClassCodeDescription>
<EstimatedExposure>69554.0000</EstimatedExposure>
<Rate>3.17</Rate>
<Subline />
<PremiumBasis>P</PremiumBasis>
<PremiumBasisDescription>Payroll</PremiumBasisDescription>
<CoverageEffectiveDate>02/05/2019</CoverageEffectiveDate>
<CoverageExpirationDate>07/01/2019</CoverageExpirationDate>
</ClassCode>
<ClassCode>
<EntityNumber>1</EntityNumber>
<LocationNumber>1</LocationNumber>
<ClassCodeState>OK</ClassCodeState>
<ClassCode>8046</ClassCode>
<SecondaryId>00</SecondaryId>
<ClassCodeDescription>Store: Automobile Parts and Accessories NOC &amp; Drivers</ClassCodeDescription>
<EstimatedExposure>0.0000</EstimatedExposure>
<Rate>2.51</Rate>
<Subline />
<PremiumBasis>P</PremiumBasis>
<PremiumBasisDescription>Payroll</PremiumBasisDescription>
<CoverageEffectiveDate>07/01/2018</CoverageEffectiveDate>
<CoverageExpirationDate>02/05/2019</CoverageExpirationDate>
</ClassCode>
<ClassCode>
<EntityNumber>1</EntityNumber>
<LocationNumber>1</LocationNumber>
<ClassCodeState>OK</ClassCodeState>
<ClassCode>8046</ClassCode>
<SecondaryId>00</SecondaryId>
<ClassCodeDescription>Store: Automobile Parts and Accessories NOC &amp; Drivers</ClassCodeDescription>
<EstimatedExposure>0.0000</EstimatedExposure>
<Rate>2.51</Rate>
<Subline />
<PremiumBasis>P</PremiumBasis>
<PremiumBasisDescription>Payroll</PremiumBasisDescription>
<CoverageEffectiveDate>02/05/2019</CoverageEffectiveDate>
<CoverageExpirationDate>07/01/2019</CoverageExpirationDate>
</ClassCode>
<ClassCode>
<EntityNumber>1</EntityNumber>
<LocationNumber>1</LocationNumber>
<ClassCodeState>OK</ClassCodeState>
<ClassCode>8391</ClassCode>
<SecondaryId>00</SecondaryId>
<ClassCodeDescription>Automobile Repair Shop &amp; Parts Department Employees, Drivers</ClassCodeDescription>
<EstimatedExposure>0.0000</EstimatedExposure>
<Rate>3.54</Rate>
<Subline />
<PremiumBasis>P</PremiumBasis>
<PremiumBasisDescription>Payroll</PremiumBasisDescription>
<CoverageEffectiveDate>07/01/2018</CoverageEffectiveDate>
<CoverageExpirationDate>02/05/2019</CoverageExpirationDate>
</ClassCode>
<ClassCode>
<EntityNumber>1</EntityNumber>
<LocationNumber>1</LocationNumber>
<ClassCodeState>OK</ClassCodeState>
<ClassCode>8391</ClassCode>
<SecondaryId>00</SecondaryId>
<ClassCodeDescription>Automobile Repair Shop &amp; Parts Department Employees, Drivers</ClassCodeDescription>
<EstimatedExposure>0.0000</EstimatedExposure>
<Rate>3.54</Rate>
<Subline />
<PremiumBasis>P</PremiumBasis>
<PremiumBasisDescription>Payroll</PremiumBasisDescription>
<CoverageEffectiveDate>02/05/2019</CoverageEffectiveDate>
<CoverageExpirationDate>07/01/2019</CoverageExpirationDate>
</ClassCode>
<ClassCode>
<EntityNumber>1</EntityNumber>
<LocationNumber>1</LocationNumber>
<ClassCodeState>AR</ClassCodeState>
<ClassCode>7380</ClassCode>
<SecondaryId>00</SecondaryId>
<ClassCodeDescription>Drivers, Chauffeurs &amp; Their Helpers NOC—Commercial</ClassCodeDescription>
<EstimatedExposure>205623.0000</EstimatedExposure>
<Rate>2.28</Rate>
<Subline />
<PremiumBasis>P</PremiumBasis>
<PremiumBasisDescription>Payroll</PremiumBasisDescription>
<CoverageEffectiveDate>02/05/2019</CoverageEffectiveDate>
<CoverageExpirationDate>07/01/2019</CoverageExpirationDate>
</ClassCode>
</ClassCodes>
<Endorsements>
<Endorsement>
<OfficerName>Anita Burke</OfficerName>
<OfficerTitle />
<OfficerClassCode />
<OfficerClassCodeDescription />
<IncludeExclude>Exclude</IncludeExclude>
</Endorsement>
<Endorsement>
<OfficerName>Arnold Burk Sr.</OfficerName>
<OfficerTitle />
<OfficerClassCode />
<OfficerClassCodeDescription />
<IncludeExclude>Exclude</IncludeExclude>
</Endorsement>
</Endorsements>
<Claims>
</Claims>
<Notes>
</Notes>
</Audit>
