﻿<?xml version="1.0" encoding="utf-8"?>
<Audit>
<ControlID>24149</ControlID>
<OrderType>New</OrderType>
<ConcurrentId />
<ServiceType>Physical Audit</ServiceType>
<CarrierName>Wesco Insurance Company</CarrierName>
<CarrierNumber>3</CarrierNumber>
<InsuredName>Nexus Test GL Single Location Test Insured_Southeast</InsuredName>
<InsuredName2 />
<InsuredAddress1>4524 Avenue N</InsuredAddress1>
<InsuredAddress2 />
<InsuredCity>Brooklyn</InsuredCity>
<InsuredState>NY</InsuredState>
<InsuredZipCode>11234</InsuredZipCode>
<InsuredPhone>7183775364</InsuredPhone>
<InsuredFax />
<InsuredCell />
<InsuredPhoneOther />
<InsuredEmail />
<InsuredWebsite />
<InsuredContact>S &amp; G Bakery Corp</InsuredContact>
<EntityType>Organization Including a Corporation</EntityType>
<SIC />
<AuditType>Annual</AuditType>
<DueDate>08/31/2019  </DueDate>
<Rush>False</Rush>
<BranchCode />
<Extra />
<LORName>Nexus Test GL Single Location Test Insured_Southeast</LORName>
<LORAddress1>4524 Avenue N</LORAddress1>
<LORAddress2 />
<LORCity>Brooklyn</LORCity>
<LORState>NY</LORState>
<LORZipCode>11234</LORZipCode>
<LORPhone>7183775364</LORPhone>
<LORFax />
<LORCell />
<LORPhoneOther />
<LOREmail />
<LORContact>S &amp; G Bakery Corp</LORContact>
<AgentName>HEFFNER AGENCY, INC.</AgentName>
<AgentAddress1>40 Wall Street, Floor 31</AgentAddress1>
<AgentAddress2 />
<AgentCity>New York</AgentCity>
<AgentState>NY</AgentState>
<AgentZipCode>10005</AgentZipCode>
<AgentCode>58212</AgentCode>
<AgentEmail />
<AgentContact />
<AgentPhone>2123495200</AgentPhone>
<AgentFax>2122272487</AgentFax>
<AgentCell />
<AgentPhoneOther />
<StateCode />
<DistrictCode>New York Region</DistrictCode>
<PolicyNumber>WPP1455901-02</PolicyNumber>
<PolicyType>GL - Sales &amp; Units</PolicyType>
<EstimatedPremium>11466.0000</EstimatedPremium>
<PolicyStartDate>06/23/2018  </PolicyStartDate>
<PolicyEndDate>06/23/2019  </PolicyEndDate>
<CancellationDate />
<ARD />
<AuditPeriodStartDate>06/23/2018  </AuditPeriodStartDate>
<AuditPeriodEndDate>06/23/2019  </AuditPeriodEndDate>
<CancellationCode />
<FEIN>888888888</FEIN>
<Locations>
<Location>
<EntityNumber>1</EntityNumber>
<LocationNumber>1</LocationNumber>
<LocationDescription>4524 Avenue N Brooklyn, NY 11234</LocationDescription>
<LocationState>NY</LocationState>
<EntityType>Organization Including a Corporation</EntityType>
</Location>
</Locations>
<ClassCodes>
<ClassCode>
<EntityNumber>1</EntityNumber>
<LocationNumber>1</LocationNumber>
<ClassCodeState>NY</ClassCodeState>
<ClassCode>10100</ClassCode>
<SecondaryId />
<ClassCodeDescription>Bakeries</ClassCodeDescription>
<EstimatedExposure>259000.0000</EstimatedExposure>
<Rate>6.95</Rate>
<Subline>334</Subline>
<PremiumBasis>S</PremiumBasis>
<PremiumBasisDescription>Sales</PremiumBasisDescription>
<CoverageEffectiveDate>06/23/2018</CoverageEffectiveDate>
<CoverageExpirationDate>06/23/2019</CoverageExpirationDate>
</ClassCode>
<ClassCode>
<EntityNumber>1</EntityNumber>
<LocationNumber>1</LocationNumber>
<ClassCodeState>NY</ClassCodeState>
<ClassCode>10100</ClassCode>
<SecondaryId />
<ClassCodeDescription>Bakeries</ClassCodeDescription>
<EstimatedExposure>259000.0000</EstimatedExposure>
<Rate>0.48</Rate>
<Subline>336</Subline>
<PremiumBasis>S</PremiumBasis>
<PremiumBasisDescription>Sales</PremiumBasisDescription>
<CoverageEffectiveDate>06/23/2018</CoverageEffectiveDate>
<CoverageExpirationDate>06/23/2019</CoverageExpirationDate>
</ClassCode>
<ClassCode>
<EntityNumber>1</EntityNumber>
<LocationNumber>1</LocationNumber>
<ClassCodeState>NY</ClassCodeState>
<ClassCode>60022</ClassCode>
<SecondaryId />
<ClassCodeDescription>Apartments, Tenements, Boarding or Rooming Houses Without Elevator</ClassCodeDescription>
<EstimatedExposure>1.0000</EstimatedExposure>
<Rate>0.00</Rate>
<Subline>334</Subline>
<PremiumBasis>U</PremiumBasis>
<PremiumBasisDescription>Units</PremiumBasisDescription>
<CoverageEffectiveDate>06/23/2018</CoverageEffectiveDate>
<CoverageExpirationDate>06/23/2019</CoverageExpirationDate>
</ClassCode>
<ClassCode>
<EntityNumber>1</EntityNumber>
<LocationNumber>1</LocationNumber>
<ClassCodeState>NY</ClassCodeState>
<ClassCode>60022</ClassCode>
<SecondaryId />
<ClassCodeDescription>Apartments, Tenements, Boarding or Rooming Houses Without Elevator</ClassCodeDescription>
<EstimatedExposure>1.0000</EstimatedExposure>
<Rate>0.00</Rate>
<Subline>336</Subline>
<PremiumBasis>U</PremiumBasis>
<PremiumBasisDescription>Units</PremiumBasisDescription>
<CoverageEffectiveDate>06/23/2018</CoverageEffectiveDate>
<CoverageExpirationDate>06/23/2019</CoverageExpirationDate>
</ClassCode>
</ClassCodes>
<Endorsements>
</Endorsements>
<Claims>
</Claims>
<Notes>
</Notes>
</Audit>
