﻿<?xml version="1.0" encoding="utf-8"?>
<Audit>
<ControlID>24116</ControlID>
<OrderType>New</OrderType>
<ConcurrentId />
<ServiceType>Physical Audit</ServiceType>
<CarrierName>Associated Industries Insurance Company, Inc.</CarrierName>
<CarrierNumber>5</CarrierNumber>
<InsuredName>Nexus Test GL Multi State and Loc Test Insured_Southeast</InsuredName>
<InsuredName2 />
<InsuredAddress1>PO Box 3750</InsuredAddress1>
<InsuredAddress2 />
<InsuredCity>Carson City</InsuredCity>
<InsuredState>NV</InsuredState>
<InsuredZipCode>89701</InsuredZipCode>
<InsuredPhone />
<InsuredFax />
<InsuredCell />
<InsuredPhoneOther />
<InsuredEmail />
<InsuredWebsite />
<InsuredContact />
<EntityType>Organization Including a Corporation</EntityType>
<SIC />
<AuditType>Annual</AuditType>
<DueDate>09/11/2019  </DueDate>
<Rush>False</Rush>
<BranchCode />
<Extra />
<LORName>Nexus Test GL Multi State and Loc Test Insured_Southeast</LORName>
<LORAddress1>PO Box 3750</LORAddress1>
<LORAddress2 />
<LORCity>Carson City</LORCity>
<LORState>NV</LORState>
<LORZipCode>89701</LORZipCode>
<LORPhone />
<LORFax />
<LORCell />
<LORPhoneOther />
<LOREmail />
<LORContact />
<AgentName>All Risks, Ltd.</AgentName>
<AgentAddress1>5680 Greenwood Plaza Blvd., #300</AgentAddress1>
<AgentAddress2 />
<AgentCity>Greenwood</AgentCity>
<AgentState>CO</AgentState>
<AgentZipCode>80111</AgentZipCode>
<AgentCode>30480</AgentCode>
<AgentEmail />
<AgentContact />
<AgentPhone>1111111111</AgentPhone>
<AgentFax>1111111111</AgentFax>
<AgentCell />
<AgentPhoneOther />
<StateCode />
<DistrictCode>AmTrust E &amp; S Insura</DistrictCode>
<PolicyNumber>AES1054252-00</PolicyNumber>
<PolicyType>GL - Sales</PolicyType>
<EstimatedPremium>10225.0000</EstimatedPremium>
<PolicyStartDate>07/13/2018  </PolicyStartDate>
<PolicyEndDate>07/13/2019  </PolicyEndDate>
<CancellationDate />
<ARD />
<AuditPeriodStartDate>07/13/2018  </AuditPeriodStartDate>
<AuditPeriodEndDate>07/13/2019  </AuditPeriodEndDate>
<CancellationCode />
<FEIN>271243754</FEIN>
<Locations>
<Location>
<EntityNumber>1</EntityNumber>
<LocationNumber>1</LocationNumber>
<LocationDescription>4650 Wedekind Rd. Sparks, NV 89431</LocationDescription>
<LocationState>NV</LocationState>
<EntityType>Organization Including a Corporation</EntityType>
</Location>
<Location>
<EntityNumber>1</EntityNumber>
<LocationNumber>2</LocationNumber>
<LocationDescription>3200 Commerce Way Turlock, CA 95380</LocationDescription>
<LocationState>CA</LocationState>
<EntityType>Organization Including a Corporation</EntityType>
</Location>
</Locations>
<ClassCodes>
<ClassCode>
<EntityNumber>1</EntityNumber>
<LocationNumber>1</LocationNumber>
<ClassCodeState>NV</ClassCodeState>
<ClassCode>56654</ClassCode>
<SecondaryId />
<ClassCodeDescription>Machinery or Machinery Parts  Manufacturing - Not Otherwise  Classified</ClassCodeDescription>
<EstimatedExposure>1000000.0000</EstimatedExposure>
<Rate>0.25</Rate>
<Subline>334</Subline>
<PremiumBasis>S</PremiumBasis>
<PremiumBasisDescription>Sales</PremiumBasisDescription>
<CoverageEffectiveDate>07/13/2018</CoverageEffectiveDate>
<CoverageExpirationDate>07/13/2019</CoverageExpirationDate>
</ClassCode>
<ClassCode>
<EntityNumber>1</EntityNumber>
<LocationNumber>2</LocationNumber>
<ClassCodeState>CA</ClassCodeState>
<ClassCode>56654</ClassCode>
<SecondaryId />
<ClassCodeDescription>Machinery or Machinery Parts  Manufacturing - Not Otherwise  Classified</ClassCodeDescription>
<EstimatedExposure>1000000.0000</EstimatedExposure>
<Rate>0.25</Rate>
<Subline>334</Subline>
<PremiumBasis>S</PremiumBasis>
<PremiumBasisDescription>Sales</PremiumBasisDescription>
<CoverageEffectiveDate>07/13/2018</CoverageEffectiveDate>
<CoverageExpirationDate>07/13/2019</CoverageExpirationDate>
</ClassCode>
<ClassCode>
<EntityNumber>1</EntityNumber>
<LocationNumber>1</LocationNumber>
<ClassCodeState>NV</ClassCodeState>
<ClassCode>56654</ClassCode>
<SecondaryId />
<ClassCodeDescription>Machinery or Machinery Parts  Manufacturing - Not Otherwise  Classified</ClassCodeDescription>
<EstimatedExposure>1000000.0000</EstimatedExposure>
<Rate>1.25</Rate>
<Subline>336</Subline>
<PremiumBasis>S</PremiumBasis>
<PremiumBasisDescription>Sales</PremiumBasisDescription>
<CoverageEffectiveDate>07/13/2018</CoverageEffectiveDate>
<CoverageExpirationDate>07/13/2019</CoverageExpirationDate>
</ClassCode>
<ClassCode>
<EntityNumber>1</EntityNumber>
<LocationNumber>2</LocationNumber>
<ClassCodeState>CA</ClassCodeState>
<ClassCode>56654</ClassCode>
<SecondaryId />
<ClassCodeDescription>Machinery or Machinery Parts  Manufacturing - Not Otherwise  Classified</ClassCodeDescription>
<EstimatedExposure>1000000.0000</EstimatedExposure>
<Rate>1.25</Rate>
<Subline>336</Subline>
<PremiumBasis>S</PremiumBasis>
<PremiumBasisDescription>Sales</PremiumBasisDescription>
<CoverageEffectiveDate>07/13/2018</CoverageEffectiveDate>
<CoverageExpirationDate>07/13/2019</CoverageExpirationDate>
</ClassCode>
</ClassCodes>
<Endorsements>
</Endorsements>
<Claims>
</Claims>
<Notes>
</Notes>
</Audit>
