﻿<?xml version="1.0" encoding="utf-8"?>
<Audit>
<ControlID>24986</ControlID>
<OrderType>New</OrderType>
<ConcurrentId />
<ServiceType>Physical Audit</ServiceType>
<CarrierName>Technology Insurance Company, Inc.</CarrierName>
<CarrierNumber>1</CarrierNumber>
<InsuredName>Nexus Test WC Single Location no split_Southeast</InsuredName>
<InsuredName2 />
<InsuredAddress1>2100 N. Amerind Rd</InsuredAddress1>
<InsuredAddress2 />
<InsuredCity>Dragoon</InsuredCity>
<InsuredState>AZ</InsuredState>
<InsuredZipCode>85609</InsuredZipCode>
<InsuredPhone>5205863666</InsuredPhone>
<InsuredFax />
<InsuredCell />
<InsuredPhoneOther />
<InsuredEmail />
<InsuredWebsite>www.amerind.org</InsuredWebsite>
<InsuredContact>Cindy Beeman</InsuredContact>
<EntityType>Corporation</EntityType>
<SIC>8412</SIC>
<AuditType>Annual</AuditType>
<DueDate>09/01/2019  </DueDate>
<Rush>False</Rush>
<BranchCode />
<Extra />
<LORName>Nexus Test WC Single Location no split_Southeast</LORName>
<LORAddress1>2100 N. Amerind Rd</LORAddress1>
<LORAddress2 />
<LORCity>Dragoon</LORCity>
<LORState>AZ</LORState>
<LORZipCode>85609</LORZipCode>
<LORPhone>5205863666</LORPhone>
<LORFax />
<LORCell />
<LORPhoneOther />
<LOREmail />
<LORContact>Cindy Beeman</LORContact>
<AgentName>M &amp; O Agencies, Inc.</AgentName>
<AgentAddress1>1835 S. Extension Rd.</AgentAddress1>
<AgentAddress2 />
<AgentCity>Mesa</AgentCity>
<AgentState>AZ</AgentState>
<AgentZipCode>85210</AgentZipCode>
<AgentCode>26517</AgentCode>
<AgentEmail />
<AgentContact />
<AgentPhone>6232151300</AgentPhone>
<AgentFax>6232151333</AgentFax>
<AgentCell />
<AgentPhoneOther />
<StateCode />
<DistrictCode>Arizona</DistrictCode>
<PolicyNumber>TWC3704517</PolicyNumber>
<PolicyType>WC</PolicyType>
<EstimatedPremium>4088.0000</EstimatedPremium>
<PolicyStartDate>04/01/2018  </PolicyStartDate>
<PolicyEndDate>04/01/2019  </PolicyEndDate>
<CancellationDate />
<ARD />
<AuditPeriodStartDate>04/01/2018  </AuditPeriodStartDate>
<AuditPeriodEndDate>04/01/2019  </AuditPeriodEndDate>
<CancellationCode />
<FEIN>860122680</FEIN>
<Locations>
<Location>
<EntityNumber>1</EntityNumber>
<LocationNumber>1</LocationNumber>
<LocationDescription>2100 N. Amerind Rd Dragoon, AZ 85609</LocationDescription>
<LocationState>AZ</LocationState>
<EntityType>Corporation</EntityType>
</Location>
</Locations>
<ClassCodes>
<ClassCode>
<EntityNumber>1</EntityNumber>
<LocationNumber>1</LocationNumber>
<ClassCodeState>AZ</ClassCodeState>
<ClassCode>8810</ClassCode>
<SecondaryId>00</SecondaryId>
<ClassCodeDescription>Clerical Office Employees NOC</ClassCodeDescription>
<EstimatedExposure>475528.0000</EstimatedExposure>
<Rate>0.15</Rate>
<Subline />
<PremiumBasis>P</PremiumBasis>
<PremiumBasisDescription>Payroll</PremiumBasisDescription>
<CoverageEffectiveDate>04/01/2018</CoverageEffectiveDate>
<CoverageExpirationDate>04/01/2019</CoverageExpirationDate>
</ClassCode>
<ClassCode>
<EntityNumber>1</EntityNumber>
<LocationNumber>1</LocationNumber>
<ClassCodeState>AZ</ClassCodeState>
<ClassCode>9101</ClassCode>
<SecondaryId>02</SecondaryId>
<ClassCodeDescription>Public Museum—All Other Employees</ClassCodeDescription>
<EstimatedExposure>93237.0000</EstimatedExposure>
<Rate>3.10</Rate>
<Subline />
<PremiumBasis>P</PremiumBasis>
<PremiumBasisDescription>Payroll</PremiumBasisDescription>
<CoverageEffectiveDate>04/01/2018</CoverageEffectiveDate>
<CoverageExpirationDate>04/01/2019</CoverageExpirationDate>
</ClassCode>
</ClassCodes>
<Endorsements>
<Endorsement>
<OfficerName>Bob Wick</OfficerName>
<OfficerTitle />
<OfficerClassCode />
<OfficerClassCodeDescription />
<IncludeExclude>Exclude</IncludeExclude>
</Endorsement>
<Endorsement>
<OfficerName>George Gumerman(Emeritus)</OfficerName>
<OfficerTitle />
<OfficerClassCode />
<OfficerClassCodeDescription />
<IncludeExclude>Exclude</IncludeExclude>
</Endorsement>
<Endorsement>
<OfficerName>Jack Fulton</OfficerName>
<OfficerTitle />
<OfficerClassCode />
<OfficerClassCodeDescription />
<IncludeExclude>Exclude</IncludeExclude>
</Endorsement>
<Endorsement>
<OfficerName>James Quirk</OfficerName>
<OfficerTitle />
<OfficerClassCode />
<OfficerClassCodeDescription />
<IncludeExclude>Exclude</IncludeExclude>
</Endorsement>
<Endorsement>
<OfficerName>John Davis</OfficerName>
<OfficerTitle />
<OfficerClassCode />
<OfficerClassCodeDescription />
<IncludeExclude>Exclude</IncludeExclude>
</Endorsement>
<Endorsement>
<OfficerName>Margaret Nelson</OfficerName>
<OfficerTitle />
<OfficerClassCode />
<OfficerClassCodeDescription />
<IncludeExclude>Exclude</IncludeExclude>
</Endorsement>
<Endorsement>
<OfficerName>Marilyn Fulton</OfficerName>
<OfficerTitle />
<OfficerClassCode />
<OfficerClassCodeDescription />
<IncludeExclude>Exclude</IncludeExclude>
</Endorsement>
<Endorsement>
<OfficerName>Mark Bahti</OfficerName>
<OfficerTitle />
<OfficerClassCode />
<OfficerClassCodeDescription />
<IncludeExclude>Exclude</IncludeExclude>
</Endorsement>
<Endorsement>
<OfficerName>Mary Bernal</OfficerName>
<OfficerTitle />
<OfficerClassCode />
<OfficerClassCodeDescription />
<IncludeExclude>Exclude</IncludeExclude>
</Endorsement>
<Endorsement>
<OfficerName>Melissa Fulton</OfficerName>
<OfficerTitle />
<OfficerClassCode />
<OfficerClassCodeDescription />
<IncludeExclude>Exclude</IncludeExclude>
</Endorsement>
<Endorsement>
<OfficerName>Michael Hard (Emeritus)</OfficerName>
<OfficerTitle />
<OfficerClassCode />
<OfficerClassCodeDescription />
<IncludeExclude>Exclude</IncludeExclude>
</Endorsement>
<Endorsement>
<OfficerName>Peter Johnson</OfficerName>
<OfficerTitle />
<OfficerClassCode />
<OfficerClassCodeDescription />
<IncludeExclude>Exclude</IncludeExclude>
</Endorsement>
<Endorsement>
<OfficerName>Sandy Maxfield</OfficerName>
<OfficerTitle />
<OfficerClassCode />
<OfficerClassCodeDescription />
<IncludeExclude>Exclude</IncludeExclude>
</Endorsement>
<Endorsement>
<OfficerName>Susan Chandler</OfficerName>
<OfficerTitle />
<OfficerClassCode />
<OfficerClassCodeDescription />
<IncludeExclude>Exclude</IncludeExclude>
</Endorsement>
</Endorsements>
<Claims>
</Claims>
<Notes>
</Notes>
</Audit>
