﻿<?xml version="1.0" encoding="utf-8"?>
<Audit>
<ControlID>20309</ControlID>
<OrderType>New</OrderType>
<ConcurrentId />
<ServiceType>Physical Audit</ServiceType>
<CarrierName>Wesco Insurance Company</CarrierName>
<CarrierNumber>3</CarrierNumber>
<InsuredName>Discount Garage Doors &amp; Repairs, LLC</InsuredName>
<InsuredName2 />
<InsuredAddress1>4745 Palm Valley Road</InsuredAddress1>
<InsuredAddress2 />
<InsuredCity>Ponte Vedre</InsuredCity>
<InsuredState>FL</InsuredState>
<InsuredZipCode>32082</InsuredZipCode>
<InsuredPhone />
<InsuredFax />
<InsuredCell />
<InsuredPhoneOther />
<InsuredEmail />
<InsuredWebsite>https://www.dgdoors.com/</InsuredWebsite>
<InsuredContact />
<EntityType>Corporation</EntityType>
<SIC>4226</SIC>
<AuditType>Annual</AuditType>
<DueDate>08/30/2019  </DueDate>
<Rush>False</Rush>
<BranchCode />
<Extra />
<LORName>Discount Garage Doors &amp; Repairs, LLC</LORName>
<LORAddress1>4745 Palm Valley Road</LORAddress1>
<LORAddress2 />
<LORCity>Ponte Vedre</LORCity>
<LORState>FL</LORState>
<LORZipCode>32082</LORZipCode>
<LORPhone />
<LORFax />
<LORCell />
<LORPhoneOther />
<LOREmail />
<LORContact />
<AgentName>Alliant Insurance Services</AgentName>
<AgentAddress1>320 West 57th Street</AgentAddress1>
<AgentAddress2 />
<AgentCity>New York</AgentCity>
<AgentState>NY</AgentState>
<AgentZipCode>10019</AgentZipCode>
<AgentCode>73227</AgentCode>
<AgentEmail />
<AgentContact />
<AgentPhone>2126030321</AgentPhone>
<AgentFax>2122629470</AgentFax>
<AgentCell />
<AgentPhoneOther />
<StateCode />
<DistrictCode>Alliant Insurance Se</DistrictCode>
<PolicyNumber>WWC3362230</PolicyNumber>
<PolicyType>WC</PolicyType>
<EstimatedPremium>109167.0000</EstimatedPremium>
<PolicyStartDate>07/01/2018  </PolicyStartDate>
<PolicyEndDate>07/01/2019  </PolicyEndDate>
<CancellationDate />
<ARD />
<AuditPeriodStartDate>07/01/2018  </AuditPeriodStartDate>
<AuditPeriodEndDate>07/01/2019  </AuditPeriodEndDate>
<CancellationCode />
<FEIN>900852572</FEIN>
<Locations>
<Location>
<EntityNumber>1</EntityNumber>
<LocationNumber>1</LocationNumber>
<LocationDescription>1685C Beaver Road Norcross, GA 32082</LocationDescription>
<LocationState>GA</LocationState>
<EntityType>Corporation</EntityType>
</Location>
<Location>
<EntityNumber>1</EntityNumber>
<LocationNumber>2</LocationNumber>
<LocationDescription>189 Cobb Parkway North Marietta, GA 30067</LocationDescription>
<LocationState>GA</LocationState>
<EntityType>Corporation</EntityType>
</Location>
<Location>
<EntityNumber>1</EntityNumber>
<LocationNumber>3</LocationNumber>
<LocationDescription>78 Columbia Drive Pooler, GA 31322</LocationDescription>
<LocationState>GA</LocationState>
<EntityType>Corporation</EntityType>
</Location>
<Location>
<EntityNumber>1</EntityNumber>
<LocationNumber>4</LocationNumber>
<LocationDescription>137 Bethea Road Cave Spring, GA 30124</LocationDescription>
<LocationState>GA</LocationState>
<EntityType>Corporation</EntityType>
</Location>
</Locations>
<ClassCodes>
<ClassCode>
<EntityNumber>1</EntityNumber>
<LocationNumber>1</LocationNumber>
<ClassCodeState>GA</ClassCodeState>
<ClassCode>3724</ClassCode>
<SecondaryId />
<ClassCodeDescription>Machinery or Equipment Erection or Repair NOC &amp; Drivers</ClassCodeDescription>
<EstimatedExposure>496616.0000</EstimatedExposure>
<Rate>4.79</Rate>
<Subline />
<PremiumBasis>P</PremiumBasis>
<PremiumBasisDescription>Payroll</PremiumBasisDescription>
<CoverageEffectiveDate>07/01/2018</CoverageEffectiveDate>
<CoverageExpirationDate>07/01/2019</CoverageExpirationDate>
</ClassCode>
<ClassCode>
<EntityNumber>1</EntityNumber>
<LocationNumber>1</LocationNumber>
<ClassCodeState>GA</ClassCodeState>
<ClassCode>8227</ClassCode>
<SecondaryId />
<ClassCodeDescription>Construction or Erection Permanent Yard</ClassCodeDescription>
<EstimatedExposure>805250.0000</EstimatedExposure>
<Rate>9.37</Rate>
<Subline />
<PremiumBasis>P</PremiumBasis>
<PremiumBasisDescription>Payroll</PremiumBasisDescription>
<CoverageEffectiveDate>07/01/2018</CoverageEffectiveDate>
<CoverageExpirationDate>07/01/2019</CoverageExpirationDate>
</ClassCode>
<ClassCode>
<EntityNumber>1</EntityNumber>
<LocationNumber>1</LocationNumber>
<ClassCodeState>GA</ClassCodeState>
<ClassCode>8810</ClassCode>
<SecondaryId />
<ClassCodeDescription>Clerical Office Employees NOC</ClassCodeDescription>
<EstimatedExposure>594122.0000</EstimatedExposure>
<Rate>0.21</Rate>
<Subline />
<PremiumBasis>P</PremiumBasis>
<PremiumBasisDescription>Payroll</PremiumBasisDescription>
<CoverageEffectiveDate>07/01/2018</CoverageEffectiveDate>
<CoverageExpirationDate>07/01/2019</CoverageExpirationDate>
</ClassCode>
<ClassCode>
<EntityNumber>1</EntityNumber>
<LocationNumber>1</LocationNumber>
<ClassCodeState>GA</ClassCodeState>
<ClassCode>8742</ClassCode>
<SecondaryId />
<ClassCodeDescription>Salespersons, Collectors or Messengers—Outside</ClassCodeDescription>
<EstimatedExposure>256165.0000</EstimatedExposure>
<Rate>0.42</Rate>
<Subline />
<PremiumBasis>P</PremiumBasis>
<PremiumBasisDescription>Payroll</PremiumBasisDescription>
<CoverageEffectiveDate>07/01/2018</CoverageEffectiveDate>
<CoverageExpirationDate>07/01/2019</CoverageExpirationDate>
</ClassCode>
</ClassCodes>
<Endorsements>
<Endorsement>
<OfficerName>James Preacher</OfficerName>
<OfficerTitle />
<OfficerClassCode />
<OfficerClassCodeDescription />
<IncludeExclude>Exclude</IncludeExclude>
</Endorsement>
<Endorsement>
<OfficerName>Lynn Yeager</OfficerName>
<OfficerTitle />
<OfficerClassCode />
<OfficerClassCodeDescription />
<IncludeExclude>Exclude</IncludeExclude>
</Endorsement>
<Endorsement>
<OfficerName>Tim Yeager</OfficerName>
<OfficerTitle />
<OfficerClassCode />
<OfficerClassCodeDescription />
<IncludeExclude>Exclude</IncludeExclude>
</Endorsement>
</Endorsements>
<Claims>
<Claim>
<ClaimNumber>30089991</ClaimNumber>
<ClaimantId>4338647</ClaimantId>
<LossDate>08/27/2018  </LossDate>
<ClaimantName>RonaldCruse</ClaimantName>
<LossDescription>EE was loading a garage door onto a truck and the truck was pulled up next to the dock when EE missed their step and fell between the truck and dock. Resulting in a unknown injury to EE's unknown part</LossDescription>
<LossClassCode>3724</LossClassCode>
<PayrollState>GA</PayrollState>
<LossState>GA</LossState>
<LossLocationNumber>1</LossLocationNumber>
<Status>39</Status>
<LossAmount>0.0000</LossAmount>
<LossReserveAmount>0.0000</LossReserveAmount>
<ClaimantOccupation />
<BodyCode>761</BodyCode>
<InjuryCode>795</InjuryCode>
<AccidentCode>841</AccidentCode>
</Claim>
</Claims>
<Notes>
</Notes>
</Audit>
